id,sourceAnnex,sourcePage,sourcePdf,adviceDate,amountStage,lineNumber,printedLineNumber,parentLineNumber,dmsRequestReference,description,amountCentavos,isDuplicate,duplicateOf,includeInStageTotal,reviewNote
advice-b-p095-1,B,95,https://github.com/tordecilla/unprogrammed-appropriations/releases/download/pdfs-advice-pages-v1/annex-b-p095.pdf,2024-06-10,requested,1,1,,2024-BA-0064427-E,Routine Maintenance of National Roads,466066600000,False,,True,
advice-b-p095-2,B,95,https://github.com/tordecilla/unprogrammed-appropriations/releases/download/pdfs-advice-pages-v1/annex-b-p095.pdf,2024-06-10,requested,2,2,,2024-BA-0064427-E,Routine Maintenance of National Bridges,133933400000,False,,True,
advice-b-p095-3,B,95,https://github.com/tordecilla/unprogrammed-appropriations/releases/download/pdfs-advice-pages-v1/annex-b-p095.pdf,2024-06-10,requested,3,3,,2024-BA-0064427-E,Operation of Weighbridge Stations and ATOME,50000000000,False,,True,
advice-b-p095-4,B,95,https://github.com/tordecilla/unprogrammed-appropriations/releases/download/pdfs-advice-pages-v1/annex-b-p095.pdf,2024-06-10,requested,4,4,,2024-BA-0064427-E,Maintenance and Operations of DPWH Floating Equipment,25000000000,False,,True,
advice-b-p095-5,B,95,https://github.com/tordecilla/unprogrammed-appropriations/releases/download/pdfs-advice-pages-v1/annex-b-p095.pdf,2024-06-10,requested,5,5,,2024-BA-0064427-E,General Administration and Support (GAS) - Capital Outlays (for Equipment Procurement Program),45500000000,False,,True,
advice-b-p095-6,B,95,https://github.com/tordecilla/unprogrammed-appropriations/releases/download/pdfs-advice-pages-v1/annex-b-p095.pdf,2024-06-10,requested,6,6,,2024-BA-0064427-E,Pre-Feasibility Study/Feasibility Study/Preliminary and Detailed Engineering,360900000,False,,True,
advice-b-p095-7,B,95,https://github.com/tordecilla/unprogrammed-appropriations/releases/download/pdfs-advice-pages-v1/annex-b-p095.pdf,2024-06-10,requested,7,7,,2024-BA-0064427-E,"Payment of Right-of-Way (ROW) claims, including court cases with final and executory judgments; and ongoing, completed and PPP projects",154044800000,False,,True,
advice-b-p095-8,B,95,https://github.com/tordecilla/unprogrammed-appropriations/releases/download/pdfs-advice-pages-v1/annex-b-p095.pdf,2024-06-10,requested,8,8,,2024-BA-0064427-E,Organizational Outcome (OO) 1: Ensure Safe and Reliable National Road System,177012500000,False,,True,
advice-b-p095-9,B,95,https://github.com/tordecilla/unprogrammed-appropriations/releases/download/pdfs-advice-pages-v1/annex-b-p095.pdf,2024-06-10,requested,9,9,,2024-BA-0064427-E,OO2: Protect Lives and Properties Against Major Floods,262500000000,False,,True,
advice-b-p095-10,B,95,https://github.com/tordecilla/unprogrammed-appropriations/releases/download/pdfs-advice-pages-v1/annex-b-p095.pdf,2024-06-10,requested,10,10,,2024-BA-0064427-E,Convergence and Special Support Program,203300000000,False,,True,
advice-b-p095-11,B,95,https://github.com/tordecilla/unprogrammed-appropriations/releases/download/pdfs-advice-pages-v1/annex-b-p095.pdf,2024-06-10,requested,11,11,,2024-BA-0064427-E,Local Program (National Building Program),24000000000,False,,True,
advice-b-p095-12,B,95,https://github.com/tordecilla/unprogrammed-appropriations/releases/download/pdfs-advice-pages-v1/annex-b-p095.pdf,2024-06-10,requested,12,12,,2024-BA-0064427-E,Government of the Philippines (GOP) Counterpart Funds of Various Foreign-Assisted Projects (FAPs),1088281800000,False,,True,
advice-b-p095-13,B,95,https://github.com/tordecilla/unprogrammed-appropriations/releases/download/pdfs-advice-pages-v1/annex-b-p095.pdf,2024-06-10,requested,13,13,,2024-BA-0043261A-E,Payment of ROW - Various Locally Funded Projects (LFPs) being implemented by the UPMO-Bridge Management Cluster,13995000000,False,,True,
advice-b-p095-14,B,95,https://github.com/tordecilla/unprogrammed-appropriations/releases/download/pdfs-advice-pages-v1/annex-b-p095.pdf,2024-06-10,requested,14,14,,2024-BA-0066768-E,GOP Counterpart Funds of Various FAPs (1st and 2nd Quarter Requirements)*,1088281800000,True,p95/requested/line12,False,"Printed footnote says this is a reiteration of item No. 12; retain as a visible numbered particulars line, but do not add again when reconciling the requested total."
advice-b-p095-15,B,95,https://github.com/tordecilla/unprogrammed-appropriations/releases/download/pdfs-advice-pages-v1/annex-b-p095.pdf,2024-06-10,requested,15,15,,2024-BA-0066768-E,GOP Counterpart Funds of Various FAPs (3rd and 4th Quarter Requirements),1144368200000,False,,True,
advice-b-p095-16,B,95,https://github.com/tordecilla/unprogrammed-appropriations/releases/download/pdfs-advice-pages-v1/annex-b-p095.pdf,2024-06-10,requested,16,16,,2024-BA-0052903-E,"Soil Testing, Geotechnical Investigation and Detailed Engineering Design",206511865655,False,,True,
advice-b-p096-1,B,96,https://github.com/tordecilla/unprogrammed-appropriations/releases/download/pdfs-advice-pages-v1/annex-b-p096.pdf,2024-06-10,variance,1,1,,,Operation of Weighbridge Stations and ATOME,50000000000,False,,True,
advice-b-p096-2,B,96,https://github.com/tordecilla/unprogrammed-appropriations/releases/download/pdfs-advice-pages-v1/annex-b-p096.pdf,2024-06-10,variance,2,2,,,Maintenance and Operations of DPWH Floating Equipment,25000000000,False,,True,
advice-b-p096-3,B,96,https://github.com/tordecilla/unprogrammed-appropriations/releases/download/pdfs-advice-pages-v1/annex-b-p096.pdf,2024-06-10,variance,3,3,,,GAS - Capital Outlays,45500000000,False,,True,
advice-b-p096-4,B,96,https://github.com/tordecilla/unprogrammed-appropriations/releases/download/pdfs-advice-pages-v1/annex-b-p096.pdf,2024-06-10,variance,4,4,,,Pre-Feasibility Study/Feasibility Study/Preliminary and Detailed Engineering,360900000,False,,True,
advice-b-p096-5,B,96,https://github.com/tordecilla/unprogrammed-appropriations/releases/download/pdfs-advice-pages-v1/annex-b-p096.pdf,2024-06-10,variance,5,5,,,OO 1: Ensure Safe and Reliable National Road System,177012500000,False,,True,
advice-b-p096-6,B,96,https://github.com/tordecilla/unprogrammed-appropriations/releases/download/pdfs-advice-pages-v1/annex-b-p096.pdf,2024-06-10,variance,6,6,,,OO2: Protect Lives and Properties Against Major Floods,262500000000,False,,True,
advice-b-p096-7,B,96,https://github.com/tordecilla/unprogrammed-appropriations/releases/download/pdfs-advice-pages-v1/annex-b-p096.pdf,2024-06-10,variance,7,7,,,Convergence and Special Support Program,203300000000,False,,True,
advice-b-p096-8,B,96,https://github.com/tordecilla/unprogrammed-appropriations/releases/download/pdfs-advice-pages-v1/annex-b-p096.pdf,2024-06-10,variance,8,8,,,Local Program (National Building Program),24000000000,False,,True,
advice-b-p096-9-1,B,96,https://github.com/tordecilla/unprogrammed-appropriations/releases/download/pdfs-advice-pages-v1/annex-b-p096.pdf,2024-06-10,variance,9.1,9.1,9,,GOP Counterpart Funds of Various FAPs - 3rd and 4th Quarter requirements,1144368200000,False,,True,"Leaf breakdown under printed particular 9; the printed parent amount ₱11,543,512,000.00 is not included as a separate row."
advice-b-p096-9-2,B,96,https://github.com/tordecilla/unprogrammed-appropriations/releases/download/pdfs-advice-pages-v1/annex-b-p096.pdf,2024-06-10,variance,9.2,9.2,9,,2nd Quarter requirements of the Samar Pacific Coastal Road II (Laoang II and Calomotan Bridges)**,9983000000,False,,True,"Leaf breakdown under printed particular 9; the printed parent amount ₱11,543,512,000.00 is not included as a separate row."
advice-b-p096-10,B,96,https://github.com/tordecilla/unprogrammed-appropriations/releases/download/pdfs-advice-pages-v1/annex-b-p096.pdf,2024-06-10,variance,10,10,,,"Soil Testing, Geotechnical Investigation and Detailed Engineering Design",206511865655,False,,True,
advice-b-p105-1-1,B,105,https://github.com/tordecilla/unprogrammed-appropriations/releases/download/pdfs-advice-pages-v1/annex-b-p105.pdf,2024-09-17,requested,1.1,1,,2024-AMDV-0095297A-E,Release of the remaining balance of the original (re-prioritized) request for various FAPs,1172589800000,False,,True,First of three amount-bearing particulars grouped under printed line 1; children below are breakdowns and excluded from the stage total.
advice-b-p105-1-1-a,B,105,https://github.com/tordecilla/unprogrammed-appropriations/releases/download/pdfs-advice-pages-v1/annex-b-p105.pdf,2024-09-17,requested,1.1.a,1,1.1,2024-AMDV-0095297A-E,Loan Proceeds (LP),18238600000,False,,False,Unnumbered breakdown under particular 1.1; amount is further broken down by the two project rows below.
advice-b-p105-1-1-a-i,B,105,https://github.com/tordecilla/unprogrammed-appropriations/releases/download/pdfs-advice-pages-v1/annex-b-p105.pdf,2024-09-17,requested,1.1.a.i,1,1.1.a,2024-AMDV-0095297A-E,"Dalton Pass East Alignment Road Project (DPEARP), JICA-Assisted",5592600000,False,,False,Unnumbered nested project breakdown; amount is shown in parentheses on the image.
advice-b-p105-1-1-a-ii,B,105,https://github.com/tordecilla/unprogrammed-appropriations/releases/download/pdfs-advice-pages-v1/annex-b-p105.pdf,2024-09-17,requested,1.1.a.ii,1,1.1.a,2024-AMDV-0095297A-E,Samar Pacific Coastal Road II (Laoang II and Calomotan Bridges) [SPCR II],12646000000,False,,False,Unnumbered nested project breakdown; amount is shown in parentheses on the image.
advice-b-p105-1-1-b,B,105,https://github.com/tordecilla/unprogrammed-appropriations/releases/download/pdfs-advice-pages-v1/annex-b-p105.pdf,2024-09-17,requested,1.1.b,1,1.1,2024-AMDV-0095297A-E,GOP Counterpart,1154351200000,False,,False,Unnumbered breakdown under particular 1.1.
advice-b-p105-1-2,B,105,https://github.com/tordecilla/unprogrammed-appropriations/releases/download/pdfs-advice-pages-v1/annex-b-p105.pdf,2024-09-17,requested,1.2,1,,2024-AMDV-0095297A-E,"Release of additional GOP Counterpart to cover the Right-of-Way (ROW) Acquisition and other remaining contractual obligations for the completed (i) Flood Risk Management Project for Cagayan, Tagoloan, and Imus Rivers (FRIMP-CTI) and (ii) Flood Risk Management Project for Cagayan de Oro River (FRIMP-CDOR)",84343000000,False,,True,Second of three amount-bearing particulars grouped under printed line 1; the two project amounts below are its breakdown.
advice-b-p105-1-2-a,B,105,https://github.com/tordecilla/unprogrammed-appropriations/releases/download/pdfs-advice-pages-v1/annex-b-p105.pdf,2024-09-17,requested,1.2.a,1,1.2,2024-AMDV-0095297A-E,"Flood Risk Management Project for Cagayan, Tagoloan, and Imus Rivers (FRIMP-CTI)",489800000,False,,False,Unnumbered project breakdown under particular 1.2.
advice-b-p105-1-2-b,B,105,https://github.com/tordecilla/unprogrammed-appropriations/releases/download/pdfs-advice-pages-v1/annex-b-p105.pdf,2024-09-17,requested,1.2.b,1,1.2,2024-AMDV-0095297A-E,Flood Risk Management Project for Cagayan de Oro River (FRIMP-CDOR),83853200000,False,,False,Unnumbered project breakdown under particular 1.2.
advice-b-p105-1-3,B,105,https://github.com/tordecilla/unprogrammed-appropriations/releases/download/pdfs-advice-pages-v1/annex-b-p105.pdf,2024-09-17,requested,1.3,1,,2024-AMDV-0095297A-E,Release of the initial requirements for the Laguna Lakeshore Road Network (LLRN) Project,2219123300000,False,,True,Third of three amount-bearing particulars grouped under printed line 1; LP and GOP counterpart below are breakdowns.
advice-b-p105-1-3-a,B,105,https://github.com/tordecilla/unprogrammed-appropriations/releases/download/pdfs-advice-pages-v1/annex-b-p105.pdf,2024-09-17,requested,1.3.a,1,1.3,2024-AMDV-0095297A-E,LP,2002199300000,False,,False,Unnumbered breakdown under particular 1.3.
advice-b-p105-1-3-b,B,105,https://github.com/tordecilla/unprogrammed-appropriations/releases/download/pdfs-advice-pages-v1/annex-b-p105.pdf,2024-09-17,requested,1.3.b,1,1.3,2024-AMDV-0095297A-E,GOP Counterpart,216924000000,False,,False,Unnumbered breakdown under particular 1.3.
advice-b-p105-2,B,105,https://github.com/tordecilla/unprogrammed-appropriations/releases/download/pdfs-advice-pages-v1/annex-b-p105.pdf,2024-09-17,requested,2,2,,2024-BA-0105084-E,Release of the requirements for the Metro Manila Bridges Project (MMBP),20642400000,False,,True,Printed particular 2; LP and GOP counterpart below are breakdowns.
advice-b-p105-2-a,B,105,https://github.com/tordecilla/unprogrammed-appropriations/releases/download/pdfs-advice-pages-v1/annex-b-p105.pdf,2024-09-17,requested,2.a,2,2,2024-BA-0105084-E,LP,20125600000,False,,False,Unnumbered breakdown under particular 2.
advice-b-p105-2-b,B,105,https://github.com/tordecilla/unprogrammed-appropriations/releases/download/pdfs-advice-pages-v1/annex-b-p105.pdf,2024-09-17,requested,2.b,2,2,2024-BA-0105084-E,GOP Counterpart,516800000,False,,False,Unnumbered breakdown under particular 2.
