id,sourceAnnex,sourcePage,sourcePdf,documentId,section,level,lineNumber,description,amountType,amountPesos,amountCentavos,relatedSaroNumber,reviewNote
b-component-p300-c001,B,300,https://github.com/tordecilla/unprogrammed-appropriations/releases/download/pdfs-documents-v1/B-p300-advice.pdf,B-p300-advice,Advice of SARO Issued — Fund Cluster 01 105 428; project amount table,1,1,"New Communications, Navigation and Surveillance/Air Traffic Management (CNS/ATM) System Development Project, JICA, PH-P228",project,596195950.00,59619595000,SARO-BMB-A-24-0002525,First project amount cell in the table; the SARO number/date cell spans the two project rows.
b-component-p300-c002,B,300,https://github.com/tordecilla/unprogrammed-appropriations/releases/download/pdfs-documents-v1/B-p300-advice.pdf,B-p300-advice,Advice of SARO Issued — Fund Cluster 01 105 428; project amount table,1,2,"New Bohol Airport Construction and Sustainable Environment Protection Project (NBACSEPP), formerly New Bohol (Panglao) International Airport Development Project, JICA, PH-P268",project,87804055.00,8780405500,SARO-BMB-A-24-0002525,Second project amount cell in the table; grouped with the preceding project under the same SARO.
b-component-p300-c003,B,300,https://github.com/tordecilla/unprogrammed-appropriations/releases/download/pdfs-documents-v1/B-p300-advice.pdf,B-p300-advice,Advice of SARO Issued — Fund Cluster 01 105 428; project amount table,0,3,Total,grand_total,684000005.00,68400000500,SARO-BMB-A-24-0002525,"Printed table total; equals ₱596,195,950.00 + ₱87,804,055.00. It aggregates the two project rows above."
b-component-p304-c001,B,304,https://github.com/tordecilla/unprogrammed-appropriations/releases/download/pdfs-documents-v1/B-p304-305-advice.pdf,B-p304-305-advice,Advice of SAROs Issued — Fund Cluster 01 105 428; project amount table,2,1,LRT Line 1 Cavite Extension Project,project,1082737000.00,108273700000,SARO-BMB-A-24-0004290,Project row in the table under SARO 0004290; grouped into the following printed subtotal.
b-component-p304-c002,B,304,https://github.com/tordecilla/unprogrammed-appropriations/releases/download/pdfs-documents-v1/B-p304-305-advice.pdf,B-p304-305-advice,Advice of SAROs Issued — Fund Cluster 01 105 428; project amount table,2,2,Metro Manila Subway Project (Phase I),project,15741766000.00,1574176600000,SARO-BMB-A-24-0004290,Project row in the table under SARO 0004290; grouped with the LRT row into the following printed subtotal.
b-component-p304-c003,B,304,https://github.com/tordecilla/unprogrammed-appropriations/releases/download/pdfs-documents-v1/B-p304-305-advice.pdf,B-p304-305-advice,Advice of SAROs Issued — Fund Cluster 01 105 428; project amount table,1,3,Sub-total,subtotal,16824503000.00,1682450300000,SARO-BMB-A-24-0004290,"Printed subtotal for the two project rows under SARO 0004290; equals ₱1,082,737,000.00 + ₱15,741,766,000.00."
b-component-p304-c004,B,304,https://github.com/tordecilla/unprogrammed-appropriations/releases/download/pdfs-documents-v1/B-p304-305-advice.pdf,B-p304-305-advice,Advice of SAROs Issued — Fund Cluster 01 105 428; project amount table,1,4,North-South Commuter Railway System,project,22413484000.00,2241348400000,SARO-BMB-A-24-0004291,Project row under the second SARO in the table; its amount is included in the printed grand total.
b-component-p304-c005,B,304,https://github.com/tordecilla/unprogrammed-appropriations/releases/download/pdfs-documents-v1/B-p304-305-advice.pdf,B-p304-305-advice,Advice of SAROs Issued — Fund Cluster 01 105 428; project amount table,0,5,Total,grand_total,39237987000.00,3923798700000,,"Printed grand total across SARO 0004290 subtotal and SARO 0004291 project amount; equals ₱16,824,503,000.00 + ₱22,413,484,000.00. Table is on source page 304 (page 1 of 2); p.305 continues explanatory variance text and has no further table amount cell."
h-component-p002-c001,H,2,https://github.com/tordecilla/unprogrammed-appropriations/releases/download/pdfs-documents-v1/H-p002.pdf,H-p002,,0,,Requested amount,request,11079509000.00,1107950900000,SARO-BMB-B-26-0000181,Amount named in the variance paragraph as the total requested amount.
h-component-p002-c002,H,2,https://github.com/tordecilla/unprogrammed-appropriations/releases/download/pdfs-documents-v1/H-p002.pdf,H-p002,,0,,Released amount,release,9553523000.00,955352300000,SARO-BMB-B-26-0000181,Amount stated in the opening release paragraph.
h-component-p002-c003,H,2,https://github.com/tordecilla/unprogrammed-appropriations/releases/download/pdfs-documents-v1/H-p002.pdf,H-p002,,0,,Variance between requested and released amounts,variance,1525986000.00,152598600000,SARO-BMB-B-26-0000181,"Printed variance; equals ₱11,079,509,000.00 minus ₱9,553,523,000.00."
h-component-p006-c001,H,6,https://github.com/tordecilla/unprogrammed-appropriations/releases/download/pdfs-documents-v1/H-p006.pdf,H-p006,,0,,Total SAROs issued for DOTr Loan Proceeds requirements,release_total,44165200322.00,4416520032200,,Opening paragraph total; repeated as the table total below.
h-component-p006-c002,H,6,https://github.com/tordecilla/unprogrammed-appropriations/releases/download/pdfs-documents-v1/H-p006.pdf,H-p006,,1,,Japan International Cooperation Agency subtotal,subtotal,21283933178.00,2128393317800,SARO-BMB-A-26-0000983,Printed JICA subtotal; equals the NSCR System and MMSP Phase I rows below.
h-component-p006-c003,H,6,https://github.com/tordecilla/unprogrammed-appropriations/releases/download/pdfs-documents-v1/H-p006.pdf,H-p006,,2,,JICA — North-South Commuter Railway (NSCR) System,project,14189053875.00,1418905387500,SARO-BMB-A-26-0000983,JICA project amount cell.
h-component-p006-c004,H,6,https://github.com/tordecilla/unprogrammed-appropriations/releases/download/pdfs-documents-v1/H-p006.pdf,H-p006,,2,,JICA — Metro Manila Subway Project (MMSP) Phase I,project,7094879303.00,709487930300,SARO-BMB-A-26-0000983,JICA project amount cell.
h-component-p006-c005,H,6,https://github.com/tordecilla/unprogrammed-appropriations/releases/download/pdfs-documents-v1/H-p006.pdf,H-p006,,1,,Asian Development Bank subtotal,subtotal,22881267144.00,2288126714400,SARO-BMB-A-26-0000984,Printed ADB amount heading; repeated in the NSCR System row below.
h-component-p006-c006,H,6,https://github.com/tordecilla/unprogrammed-appropriations/releases/download/pdfs-documents-v1/H-p006.pdf,H-p006,,2,,ADB — North-South Commuter Railway (NSCR) System,project,22881267144.00,2288126714400,SARO-BMB-A-26-0000984,ADB project amount cell; same value as the ADB heading subtotal.
h-component-p006-c007,H,6,https://github.com/tordecilla/unprogrammed-appropriations/releases/download/pdfs-documents-v1/H-p006.pdf,H-p006,,0,,Table total,grand_total,44165200322.00,4416520032200,,"Printed table total; equals ₱21,283,933,178.00 + ₱22,881,267,144.00."
h-component-p006-c008,H,6,https://github.com/tordecilla/unprogrammed-appropriations/releases/download/pdfs-documents-v1/H-p006.pdf,H-p006,,0,,Total requested amount,request,129797114604.00,12979711460400,,Rounded-off request total stated in the variance paragraph.
h-component-p006-c009,H,6,https://github.com/tordecilla/unprogrammed-appropriations/releases/download/pdfs-documents-v1/H-p006.pdf,H-p006,,0,,Variance between total requested amount and release,variance,85631914282.00,8563191428200,,"Printed rounded-off variance; equals ₱129,797,114,604.00 minus ₱44,165,200,322.00."
