id,document_id,source_annex,source_page,source_pdf,document_type,issuer,document_date,covered_period,collection_category,recipient_or_destination,remittance_date_or_period,amount_group,amount_type,amount_pesos,amount_period,tranche,signature_name,signature_title,visible_signature,visible_stamp,review_notes
J-p4-1,J-p4,J,4,https://github.com/tordecilla/unprogrammed-appropriations/releases/download/pdfs-revenue-pages-v1/annex-j-p004.pdf,Certification,"Bureau of the Treasury (BTr), Republic of the Philippines",2024-10-16,,Total fund balance of Philippine Health Insurance Corporation (PHIC); collected/remitted under DOF Circular No. 003-2024,National Government (NG),2024-10-16,certified,certified remittance,30000000000,,third tranche,Sharon P. Almanza,Treasurer of the Philippines,True,False,"Standalone certification. Amount is a certified remittance, not a release. Footnote references Special Provision 1(d), XLIII, UA of the FY 2024 GAA and DOF Circular No. 003-2024."
J-p5-1,J-p5,J,5,https://github.com/tordecilla/unprogrammed-appropriations/releases/download/pdfs-revenue-pages-v1/annex-j-p005.pdf,Certification,"Bureau of the Treasury (BTr), Republic of the Philippines",2024-09-04,,Total fund balance of Philippine Deposit Insurance Corporation (PDIC); collected/remitted under DOF Circular No. 003-2024,National Government (NG),August 2024,certified,certified remittance,24900000000,,fourth tranche,Sharon P. Almanza,Treasurer of the Philippines,True,False,"Standalone certification. Amount is a certified remittance, not a release. The certificate date is 04 September 2024; no specific August remittance day is given."
J-p6-1,J-p6,J,6,https://github.com/tordecilla/unprogrammed-appropriations/releases/download/pdfs-revenue-pages-v1/annex-j-p006.pdf,Certification,"Bureau of the Treasury (BTr), Republic of the Philippines",2024-08-22,,Total fund balance of Philippine Health Insurance Corporation (PHIC); collected/remitted under DOF Circular No. 003-2024,National Government (NG),2024-08-21,certified,certified remittance,10000000000,,second tranche,Sharon P. Almanza,Treasurer of the Philippines,True,False,"Standalone certification. Amount is a certified remittance, not a release. Document date is 22 August 2024; remittance date printed in the body is 21 August 2024."
J-p7-1,J-p7,J,7,https://github.com/tordecilla/unprogrammed-appropriations/releases/download/pdfs-revenue-pages-v1/annex-j-p007.pdf,Certification,"Bureau of the Treasury (BTr), Republic of the Philippines",2024-08-14,,Total fund balance of Philippine Deposit Insurance Corporation (PDIC); collected/remitted under DOF Circular No. 003-2024,National Government (NG),July 2024,certified,certified remittance,20000000000,,third tranche,Sharon P. Almanza,Treasurer of the Philippines,True,False,"Standalone certification. Amount is a certified remittance, not a release. No specific July remittance day is given."
J-p8-1,J-p8,J,8,https://github.com/tordecilla/unprogrammed-appropriations/releases/download/pdfs-revenue-pages-v1/annex-j-p008.pdf,Certification,"Bureau of the Treasury (BTr), Republic of the Philippines",2024-07-01,,Total fund balance of Philippine Deposit Insurance Corporation (PDIC); collected/remitted under DOF Circular No. 003-2024,National Government (NG),As of 2024-06-28,certified,certified remittance,30000000000,,second tranche,Sharon P. Almanza,Treasurer of the Philippines,True,False,"Standalone certification. Body says remitted to NG 'as of June 28, 2024'; certificate date is 01 July 2024. Amount is a certified remittance, not a release."
J-p9-1,J-p9,J,9,https://github.com/tordecilla/unprogrammed-appropriations/releases/download/pdfs-revenue-pages-v1/annex-j-p009.pdf,Certification,"Bureau of the Treasury (BTr), Republic of the Philippines",2024-06-05,,Total fund balance of Philippine Deposit Insurance Corporation (PDIC); collected/remitted under DOF Circular No. 003-2024,National Government (NG),2024-05-30,certified,certified remittance,30000000000,,first tranche,Sharon P. Almanza,Treasurer of the Philippines,True,False,"Standalone certification. Amount is a certified remittance, not a release."
J-p10-1,J-p10,J,10,https://github.com/tordecilla/unprogrammed-appropriations/releases/download/pdfs-revenue-pages-v1/annex-j-p010.pdf,Certification,"Bureau of the Treasury (BTr), Republic of the Philippines",2024-05-13,,Total fund balance of Philippine Health Insurance Corporation (PhilHealth); collected/remitted under DOF Circular No. 003-2024,National Government (NG),2024-05-10,certified,certified remittance,20000000000,,first tranche,Sharon P. Almanza,Treasurer of the Philippines,True,False,"Standalone certification. The body uses 'Philippine Health Insurance Corporation (PhilHealth)' while pages 4 and 6 use PHIC. Amount is a certified remittance, not a release."
J-p11-1,J-p11,J,11,https://github.com/tordecilla/unprogrammed-appropriations/releases/download/pdfs-revenue-pages-v1/annex-j-p011.pdf,Certification,"Bureau of the Treasury (BTr), Republic of the Philippines",2024-09-17,2024-01-01/2024-08-30,Dividend collections,National Government (NG),,certified,actual dividend collections remitted to National Government,96454857018.05,,,Sharon P. Almanza,Treasurer of the Philippines,True,True,"Standalone certification dated by stamp 17 September 2024. Covers 1 January–30 August 2024 and states collections already exceeded the FY 2024 program. Certified actual collections, not a release."
J-p12-1,J-p12,J,12,https://github.com/tordecilla/unprogrammed-appropriations/releases/download/pdfs-revenue-pages-v1/annex-j-p012.pdf,Supplemental certification,"Bureau of the Treasury (BTr), Republic of the Philippines",2024-12-12,2024-09-02/2024-12-05,Dividend collections,National Government (NG),,certified,additional dividends remitted to National Government,40149945573.01,,,Sharon P. Almanza,Treasurer of the Philippines,True,True,Stamped 12 December 2024. Dates and amount cover dividends remitted from 2 September to 5 December 2024. Adds to the earlier stated dividend period without overlap in dates.
J-p13-1,J-p13,J,13,https://github.com/tordecilla/unprogrammed-appropriations/releases/download/pdfs-revenue-pages-v1/annex-j-p013.pdf,Certification,"Bureau of the Treasury (BTr), Republic of the Philippines",2024-09-17,2024-01-01/2024-08-30,Interest income from NG advances to government-owned and controlled corporations (GOCCs),,,certified,interest income earned by BTr from National Government advances to GOCCs,13753818275.91,,,Sharon P. Almanza,Treasurer of the Philippines,True,True,Stamped 17 September 2024; also bears a handwritten 'TOP'S COPY' marking and round Bureau of the Treasury seal. States amount already exceeded the FY 2024 program. This category may overlap with broader investment income certified on page 15; do not aggregate without reconciliation.
J-p14-1,J-p14,J,14,https://github.com/tordecilla/unprogrammed-appropriations/releases/download/pdfs-revenue-pages-v1/annex-j-p014.pdf,Certification,"Bureau of the Treasury (BTr), Republic of the Philippines",2024-09-17,2024-01-01/2024-08-30,Remittance of balance of cancelled Domestic Letters of Credit by the Department of Health (DOH),National Government (NG),,certified,additional revenue from remittance of balance of cancelled Domestic Letters of Credit,3733674570.09,,,Sharon P. Almanza,Treasurer of the Philippines,True,True,Stamped 17 September 2024. The certificate states the period 1 January–30 August 2024 and identifies the source as cancelled DOH Domestic Letters of Credit.
J-p15-1,J-p15,J,15,https://github.com/tordecilla/unprogrammed-appropriations/releases/download/pdfs-revenue-pages-v1/annex-j-p015.pdf,Certification,"Bureau of the Treasury (BTr), Republic of the Philippines",2024-09-18,2024-01-01/2024-08-30,BTr investment income; certificate says it supersedes the certification on Bond Sinking Fund (BSF) income dated 17 September 2024,,,certified,total income from investments generated by BTr,35253713264.33,,,Sharon P. Almanza,Treasurer of the Philippines,True,True,Dated 18 September 2024. Covers 1 January–30 August 2024 and says income already exceeded the full-year program. Treat as superseding the prior BSF certification; do not count prior certification as an additional amount. Potential overlap with the narrower interest income on page 13 is unresolved.
J-p16-1,J-p16,J,16,https://github.com/tordecilla/unprogrammed-appropriations/releases/download/pdfs-revenue-pages-v1/annex-j-p016.pdf,Supplemental certification,"Bureau of the Treasury (BTr), Republic of the Philippines",2024-11-29,2024-09-02/2024-11-22,BTr investment income,,,certified,additional income from investments,10547492112.08,,,Sharon P. Almanza,Treasurer of the Philippines,True,True,Stamped 29 November 2024. Stated earning period begins after page 15's 30 August cutoff; the reported period is 2 September–22 November 2024.
J-p17-1,J-p17,J,17,https://github.com/tordecilla/unprogrammed-appropriations/releases/download/pdfs-revenue-pages-v1/annex-j-p017.pdf,Certification,"Bureau of the Treasury (BTr), Republic of the Philippines",2024-09-17,2024-01-01/2024-09-16,"Upfront payment from San Miguel Corporation (SMC) to NG, through Manila International Airport Authority (MIAA), for the bid of the Ninoy Aquino International Airport (NAIA) Public-Private Partnership Project",National Government (NG),,certified,additional revenue collected by National Government,30000000000,,,Sharon P. Almanza,Treasurer of the Philippines,True,True,"Stamped 17 September 2024. States NG collected this additional revenue during 1 January–16 September 2024. It is a revenue certification for an upfront PPP bid payment, not a release."
J-p18-1,J-p18,J,18,https://github.com/tordecilla/unprogrammed-appropriations/releases/download/pdfs-revenue-pages-v1/annex-j-p018.pdf,Certification,"Bureau of the Treasury (BTr), Republic of the Philippines",2024-09-17,2024-01-01/2024-08-30,Interest income on National Government deposits,,,certified,actual interest income earned from National Government deposits,11322166522.77,,,Sharon P. Almanza,Treasurer of the Philippines,True,True,"Stamped 17 September 2024. States actual interest income for 1 January–30 August 2024 had exceeded the FY 2024 program. Certified income, not a release."
J-p19-1,J-p19,J,19,https://github.com/tordecilla/unprogrammed-appropriations/releases/download/pdfs-revenue-pages-v1/annex-j-p019.pdf,Supplemental certification,"Bureau of the Treasury (BTr), Republic of the Philippines",2024-11-29,2024-09-02/2024-11-22,Interest income on National Government deposits,,,certified,additional interest income on National Government deposits,5704196546.35,,,Sharon P. Almanza,Treasurer of the Philippines,True,True,Stamped 29 November 2024. Additional interest earned from 2 September to 22 November 2024; period follows page 18's 30 August cutoff.
J-p20-1,J-p20,J,20,https://github.com/tordecilla/unprogrammed-appropriations/releases/download/pdfs-revenue-pages-v1/annex-j-p020.pdf,Transmittal letter with summarized collection report,"Bureau of Customs (BOC), Republic of the Philippines",2024-08-27,2023-01-01/2023-12-31,Rice import duties / tariff revenues,,,reported,BOC-reported collected duties on rice imports,5454077278.98,2023 Q1,,Bienvenido Y. Rubio,"Commissioner, Bureau of Customs",True,True,"Receipt markings include DBM receipt stamp 18 September 2024 and BTr receipt stamp 06 September 2024. The printed quarterly totals sum to the printed P29,927,318,343.67 annual total. The letter says P10bn is for RCEF and P19,927,318,343.67 is excess tariff revenue; it also says for BOC collection-performance purposes this amount still forms part of 2023 collection. This is BOC correspondence/reporting, not a BTr certification or a release. Quarter 4 differs by P0.03 from the supporting page 24 total."
J-p20-2,J-p20,J,20,https://github.com/tordecilla/unprogrammed-appropriations/releases/download/pdfs-revenue-pages-v1/annex-j-p020.pdf,Transmittal letter with summarized collection report,"Bureau of Customs (BOC), Republic of the Philippines",2024-08-27,2023-01-01/2023-12-31,Rice import duties / tariff revenues,,,reported,BOC-reported collected duties on rice imports,8181380624.66,2023 Q2,,Bienvenido Y. Rubio,"Commissioner, Bureau of Customs",True,True,"Receipt markings include DBM receipt stamp 18 September 2024 and BTr receipt stamp 06 September 2024. The printed quarterly totals sum to the printed P29,927,318,343.67 annual total. The letter says P10bn is for RCEF and P19,927,318,343.67 is excess tariff revenue; it also says for BOC collection-performance purposes this amount still forms part of 2023 collection. This is BOC correspondence/reporting, not a BTr certification or a release. Quarter 4 differs by P0.03 from the supporting page 24 total."
J-p20-3,J-p20,J,20,https://github.com/tordecilla/unprogrammed-appropriations/releases/download/pdfs-revenue-pages-v1/annex-j-p020.pdf,Transmittal letter with summarized collection report,"Bureau of Customs (BOC), Republic of the Philippines",2024-08-27,2023-01-01/2023-12-31,Rice import duties / tariff revenues,,,reported,BOC-reported collected duties on rice imports,7582872092.4,2023 Q3,,Bienvenido Y. Rubio,"Commissioner, Bureau of Customs",True,True,"Receipt markings include DBM receipt stamp 18 September 2024 and BTr receipt stamp 06 September 2024. The printed quarterly totals sum to the printed P29,927,318,343.67 annual total. The letter says P10bn is for RCEF and P19,927,318,343.67 is excess tariff revenue; it also says for BOC collection-performance purposes this amount still forms part of 2023 collection. This is BOC correspondence/reporting, not a BTr certification or a release. Quarter 4 differs by P0.03 from the supporting page 24 total."
J-p20-4,J-p20,J,20,https://github.com/tordecilla/unprogrammed-appropriations/releases/download/pdfs-revenue-pages-v1/annex-j-p020.pdf,Transmittal letter with summarized collection report,"Bureau of Customs (BOC), Republic of the Philippines",2024-08-27,2023-01-01/2023-12-31,Rice import duties / tariff revenues,,,reported,BOC-reported collected duties on rice imports,8708988347.63,2023 Q4,,Bienvenido Y. Rubio,"Commissioner, Bureau of Customs",True,True,"Receipt markings include DBM receipt stamp 18 September 2024 and BTr receipt stamp 06 September 2024. The printed quarterly totals sum to the printed P29,927,318,343.67 annual total. The letter says P10bn is for RCEF and P19,927,318,343.67 is excess tariff revenue; it also says for BOC collection-performance purposes this amount still forms part of 2023 collection. This is BOC correspondence/reporting, not a BTr certification or a release. Quarter 4 differs by P0.03 from the supporting page 24 total."
J-p20-5,J-p20,J,20,https://github.com/tordecilla/unprogrammed-appropriations/releases/download/pdfs-revenue-pages-v1/annex-j-p020.pdf,Transmittal letter with summarized collection report,"Bureau of Customs (BOC), Republic of the Philippines",2024-08-27,2023-01-01/2023-12-31,Rice import duties / tariff revenues,,,reported,reported annual total collected duties on rice imports,29927318343.67,2023,,Bienvenido Y. Rubio,"Commissioner, Bureau of Customs",True,True,"Receipt markings include DBM receipt stamp 18 September 2024 and BTr receipt stamp 06 September 2024. The printed quarterly totals sum to the printed P29,927,318,343.67 annual total. The letter says P10bn is for RCEF and P19,927,318,343.67 is excess tariff revenue; it also says for BOC collection-performance purposes this amount still forms part of 2023 collection. This is BOC correspondence/reporting, not a BTr certification or a release. Quarter 4 differs by P0.03 from the supporting page 24 total."
J-p20-6,J-p20,J,20,https://github.com/tordecilla/unprogrammed-appropriations/releases/download/pdfs-revenue-pages-v1/annex-j-p020.pdf,Transmittal letter with summarized collection report,"Bureau of Customs (BOC), Republic of the Philippines",2024-08-27,2023-01-01/2023-12-31,Rice import duties / tariff revenues,,,reported,portion to be allotted to the Rice Competitiveness Enhancement Fund (RCEF),10000000000.0,2023 collection,,Bienvenido Y. Rubio,"Commissioner, Bureau of Customs",True,True,"Receipt markings include DBM receipt stamp 18 September 2024 and BTr receipt stamp 06 September 2024. The printed quarterly totals sum to the printed P29,927,318,343.67 annual total. The letter says P10bn is for RCEF and P19,927,318,343.67 is excess tariff revenue; it also says for BOC collection-performance purposes this amount still forms part of 2023 collection. This is BOC correspondence/reporting, not a BTr certification or a release. Quarter 4 differs by P0.03 from the supporting page 24 total."
J-p20-7,J-p20,J,20,https://github.com/tordecilla/unprogrammed-appropriations/releases/download/pdfs-revenue-pages-v1/annex-j-p020.pdf,Transmittal letter with summarized collection report,"Bureau of Customs (BOC), Republic of the Philippines",2024-08-27,2023-01-01/2023-12-31,Rice import duties / tariff revenues,,,reported,excess tariff revenues for inclusion in GAA of following year,19927318343.67,2023 collection,,Bienvenido Y. Rubio,"Commissioner, Bureau of Customs",True,True,"Receipt markings include DBM receipt stamp 18 September 2024 and BTr receipt stamp 06 September 2024. The printed quarterly totals sum to the printed P29,927,318,343.67 annual total. The letter says P10bn is for RCEF and P19,927,318,343.67 is excess tariff revenue; it also says for BOC collection-performance purposes this amount still forms part of 2023 collection. This is BOC correspondence/reporting, not a BTr certification or a release. Quarter 4 differs by P0.03 from the supporting page 24 total."
J-p21-1,J-p21,J,21,https://github.com/tordecilla/unprogrammed-appropriations/releases/download/pdfs-revenue-pages-v1/annex-j-p021.pdf,BOC transmittal letter with monthly collection schedule,"Bureau of Customs (BOC), Republic of the Philippines",2023-06-08,2023-01-01/2023-03-31,Rice import duties; a portion is for the Rice Competitiveness Enhancement Fund (RCEF),,,reported,collected duties on rice imports,1277505603.7,2023-01,,Bienvenido Y. Rubio,"Commissioner, Bureau of Customs",True,True,"Commissioner's signature date appears as 19 June 2023. Visible receipt markings include 05 July 2023 and a 05 June 2023 stamp that predates the letter's printed 08 June 2023 date; record as visible stamp date, not letter date. Monthly amounts add exactly to P5,454,077,278.98. BOC correspondence, not a BTr certification or release."
J-p21-2,J-p21,J,21,https://github.com/tordecilla/unprogrammed-appropriations/releases/download/pdfs-revenue-pages-v1/annex-j-p021.pdf,BOC transmittal letter with monthly collection schedule,"Bureau of Customs (BOC), Republic of the Philippines",2023-06-08,2023-01-01/2023-03-31,Rice import duties; a portion is for the Rice Competitiveness Enhancement Fund (RCEF),,,reported,collected duties on rice imports,927316304.17,2023-02,,Bienvenido Y. Rubio,"Commissioner, Bureau of Customs",True,True,"Commissioner's signature date appears as 19 June 2023. Visible receipt markings include 05 July 2023 and a 05 June 2023 stamp that predates the letter's printed 08 June 2023 date; record as visible stamp date, not letter date. Monthly amounts add exactly to P5,454,077,278.98. BOC correspondence, not a BTr certification or release."
J-p21-3,J-p21,J,21,https://github.com/tordecilla/unprogrammed-appropriations/releases/download/pdfs-revenue-pages-v1/annex-j-p021.pdf,BOC transmittal letter with monthly collection schedule,"Bureau of Customs (BOC), Republic of the Philippines",2023-06-08,2023-01-01/2023-03-31,Rice import duties; a portion is for the Rice Competitiveness Enhancement Fund (RCEF),,,reported,collected duties on rice imports,3249255371.11,2023-03,,Bienvenido Y. Rubio,"Commissioner, Bureau of Customs",True,True,"Commissioner's signature date appears as 19 June 2023. Visible receipt markings include 05 July 2023 and a 05 June 2023 stamp that predates the letter's printed 08 June 2023 date; record as visible stamp date, not letter date. Monthly amounts add exactly to P5,454,077,278.98. BOC correspondence, not a BTr certification or release."
J-p21-4,J-p21,J,21,https://github.com/tordecilla/unprogrammed-appropriations/releases/download/pdfs-revenue-pages-v1/annex-j-p021.pdf,BOC transmittal letter with monthly collection schedule,"Bureau of Customs (BOC), Republic of the Philippines",2023-06-08,2023-01-01/2023-03-31,Rice import duties; a portion is for the Rice Competitiveness Enhancement Fund (RCEF),,,reported,quarterly total collected duties on rice imports,5454077278.98,2023 Q1,,Bienvenido Y. Rubio,"Commissioner, Bureau of Customs",True,True,"Commissioner's signature date appears as 19 June 2023. Visible receipt markings include 05 July 2023 and a 05 June 2023 stamp that predates the letter's printed 08 June 2023 date; record as visible stamp date, not letter date. Monthly amounts add exactly to P5,454,077,278.98. BOC correspondence, not a BTr certification or release."
J-p22-1,J-p22,J,22,https://github.com/tordecilla/unprogrammed-appropriations/releases/download/pdfs-revenue-pages-v1/annex-j-p022.pdf,BOC transmittal letter with monthly collection schedule,"Bureau of Customs (BOC), Republic of the Philippines",2023-09-05,2023-04-01/2023-06-30,Rice import duties; a portion is for the Rice Competitiveness Enhancement Fund (RCEF),,,reported,collected duties on rice imports,3639422800.3,2023-04,,Bienvenido Y. Rubio,"Commissioner, Bureau of Customs",True,True,"Commissioner's signature date stamp appears 08 September 2023. Monthly amounts add exactly to P8,181,380,624.66. BOC correspondence, not a BTr certification or release."
J-p22-2,J-p22,J,22,https://github.com/tordecilla/unprogrammed-appropriations/releases/download/pdfs-revenue-pages-v1/annex-j-p022.pdf,BOC transmittal letter with monthly collection schedule,"Bureau of Customs (BOC), Republic of the Philippines",2023-09-05,2023-04-01/2023-06-30,Rice import duties; a portion is for the Rice Competitiveness Enhancement Fund (RCEF),,,reported,collected duties on rice imports,2643498743.26,2023-05,,Bienvenido Y. Rubio,"Commissioner, Bureau of Customs",True,True,"Commissioner's signature date stamp appears 08 September 2023. Monthly amounts add exactly to P8,181,380,624.66. BOC correspondence, not a BTr certification or release."
J-p22-3,J-p22,J,22,https://github.com/tordecilla/unprogrammed-appropriations/releases/download/pdfs-revenue-pages-v1/annex-j-p022.pdf,BOC transmittal letter with monthly collection schedule,"Bureau of Customs (BOC), Republic of the Philippines",2023-09-05,2023-04-01/2023-06-30,Rice import duties; a portion is for the Rice Competitiveness Enhancement Fund (RCEF),,,reported,collected duties on rice imports,1898459081.1,2023-06,,Bienvenido Y. Rubio,"Commissioner, Bureau of Customs",True,True,"Commissioner's signature date stamp appears 08 September 2023. Monthly amounts add exactly to P8,181,380,624.66. BOC correspondence, not a BTr certification or release."
J-p22-4,J-p22,J,22,https://github.com/tordecilla/unprogrammed-appropriations/releases/download/pdfs-revenue-pages-v1/annex-j-p022.pdf,BOC transmittal letter with monthly collection schedule,"Bureau of Customs (BOC), Republic of the Philippines",2023-09-05,2023-04-01/2023-06-30,Rice import duties; a portion is for the Rice Competitiveness Enhancement Fund (RCEF),,,reported,quarterly total collected duties on rice imports,8181380624.66,2023 Q2,,Bienvenido Y. Rubio,"Commissioner, Bureau of Customs",True,True,"Commissioner's signature date stamp appears 08 September 2023. Monthly amounts add exactly to P8,181,380,624.66. BOC correspondence, not a BTr certification or release."
J-p23-1,J-p23,J,23,https://github.com/tordecilla/unprogrammed-appropriations/releases/download/pdfs-revenue-pages-v1/annex-j-p023.pdf,BOC transmittal letter with monthly collection schedule,"Bureau of Customs (BOC), Republic of the Philippines",2023-10-24,2023-07-01/2023-09-30,Rice import duties; a portion is for the Rice Competitiveness Enhancement Fund (RCEF),,,reported,collected duties on rice imports,1232396881.56,2023-07,,Bienvenido Y. Rubio,"Commissioner, Bureau of Customs",True,True,"Commissioner's signature date stamp appears 09 November 2023; DBM and BTr receipt stamps appear 14 November 2023. Monthly amounts add exactly to P7,582,872,092.40. BOC correspondence, not a BTr certification or release."
J-p23-2,J-p23,J,23,https://github.com/tordecilla/unprogrammed-appropriations/releases/download/pdfs-revenue-pages-v1/annex-j-p023.pdf,BOC transmittal letter with monthly collection schedule,"Bureau of Customs (BOC), Republic of the Philippines",2023-10-24,2023-07-01/2023-09-30,Rice import duties; a portion is for the Rice Competitiveness Enhancement Fund (RCEF),,,reported,collected duties on rice imports,2498409393.7,2023-08,,Bienvenido Y. Rubio,"Commissioner, Bureau of Customs",True,True,"Commissioner's signature date stamp appears 09 November 2023; DBM and BTr receipt stamps appear 14 November 2023. Monthly amounts add exactly to P7,582,872,092.40. BOC correspondence, not a BTr certification or release."
J-p23-3,J-p23,J,23,https://github.com/tordecilla/unprogrammed-appropriations/releases/download/pdfs-revenue-pages-v1/annex-j-p023.pdf,BOC transmittal letter with monthly collection schedule,"Bureau of Customs (BOC), Republic of the Philippines",2023-10-24,2023-07-01/2023-09-30,Rice import duties; a portion is for the Rice Competitiveness Enhancement Fund (RCEF),,,reported,collected duties on rice imports,3852065817.14,2023-09,,Bienvenido Y. Rubio,"Commissioner, Bureau of Customs",True,True,"Commissioner's signature date stamp appears 09 November 2023; DBM and BTr receipt stamps appear 14 November 2023. Monthly amounts add exactly to P7,582,872,092.40. BOC correspondence, not a BTr certification or release."
J-p23-4,J-p23,J,23,https://github.com/tordecilla/unprogrammed-appropriations/releases/download/pdfs-revenue-pages-v1/annex-j-p023.pdf,BOC transmittal letter with monthly collection schedule,"Bureau of Customs (BOC), Republic of the Philippines",2023-10-24,2023-07-01/2023-09-30,Rice import duties; a portion is for the Rice Competitiveness Enhancement Fund (RCEF),,,reported,quarterly total collected duties on rice imports,7582872092.4,2023 Q3,,Bienvenido Y. Rubio,"Commissioner, Bureau of Customs",True,True,"Commissioner's signature date stamp appears 09 November 2023; DBM and BTr receipt stamps appear 14 November 2023. Monthly amounts add exactly to P7,582,872,092.40. BOC correspondence, not a BTr certification or release."
J-p24-1,J-p24,J,24,https://github.com/tordecilla/unprogrammed-appropriations/releases/download/pdfs-revenue-pages-v1/annex-j-p024.pdf,BOC transmittal letter with monthly collection schedule,"Bureau of Customs (BOC), Republic of the Philippines",2024-01-24,2023-10-01/2023-12-31,Rice import duties; a portion is for the Rice Competitiveness Enhancement Fund (RCEF),,,reported,collected duties on rice imports,1586507341.08,2023-10,,Bienvenido Y. Rubio,"Commissioner, Bureau of Customs",True,True,"Commissioner's signature date stamp appears 26 January 2024; DBM and BTr received stamps appear 29 January 2024. The three monthly amounts add to P8,708,988,347.66 as printed here, which is P0.03 above the P8,708,988,347.63 Q4 amount on page 20. BOC correspondence, not a BTr certification or release."
J-p24-2,J-p24,J,24,https://github.com/tordecilla/unprogrammed-appropriations/releases/download/pdfs-revenue-pages-v1/annex-j-p024.pdf,BOC transmittal letter with monthly collection schedule,"Bureau of Customs (BOC), Republic of the Philippines",2024-01-24,2023-10-01/2023-12-31,Rice import duties; a portion is for the Rice Competitiveness Enhancement Fund (RCEF),,,reported,collected duties on rice imports,2726681710.95,2023-11,,Bienvenido Y. Rubio,"Commissioner, Bureau of Customs",True,True,"Commissioner's signature date stamp appears 26 January 2024; DBM and BTr received stamps appear 29 January 2024. The three monthly amounts add to P8,708,988,347.66 as printed here, which is P0.03 above the P8,708,988,347.63 Q4 amount on page 20. BOC correspondence, not a BTr certification or release."
J-p24-3,J-p24,J,24,https://github.com/tordecilla/unprogrammed-appropriations/releases/download/pdfs-revenue-pages-v1/annex-j-p024.pdf,BOC transmittal letter with monthly collection schedule,"Bureau of Customs (BOC), Republic of the Philippines",2024-01-24,2023-10-01/2023-12-31,Rice import duties; a portion is for the Rice Competitiveness Enhancement Fund (RCEF),,,reported,collected duties on rice imports,4395799295.63,2023-12,,Bienvenido Y. Rubio,"Commissioner, Bureau of Customs",True,True,"Commissioner's signature date stamp appears 26 January 2024; DBM and BTr received stamps appear 29 January 2024. The three monthly amounts add to P8,708,988,347.66 as printed here, which is P0.03 above the P8,708,988,347.63 Q4 amount on page 20. BOC correspondence, not a BTr certification or release."
J-p24-4,J-p24,J,24,https://github.com/tordecilla/unprogrammed-appropriations/releases/download/pdfs-revenue-pages-v1/annex-j-p024.pdf,BOC transmittal letter with monthly collection schedule,"Bureau of Customs (BOC), Republic of the Philippines",2024-01-24,2023-10-01/2023-12-31,Rice import duties; a portion is for the Rice Competitiveness Enhancement Fund (RCEF),,,reported,quarterly total collected duties on rice imports,8708988347.66,2023 Q4,,Bienvenido Y. Rubio,"Commissioner, Bureau of Customs",True,True,"Commissioner's signature date stamp appears 26 January 2024; DBM and BTr received stamps appear 29 January 2024. The three monthly amounts add to P8,708,988,347.66 as printed here, which is P0.03 above the P8,708,988,347.63 Q4 amount on page 20. BOC correspondence, not a BTr certification or release."
J-p26-1,J-p26,J,26,https://github.com/tordecilla/unprogrammed-appropriations/releases/download/pdfs-revenue-pages-v1/annex-j-p026.pdf,Certification,"Bureau of the Treasury (BTr), Republic of the Philippines",2025-11-18,2025-01-01/2025-10-31,Dividend collections,National Government (NG),,certified,actual dividend collections remitted to National Government,106529682065.94,,,Sharon P. Almanza,Treasurer of the Philippines,True,True,Standalone certification dated 18 November 2025. Actual collections/remittances for 1 January–31 October 2025 had exceeded the full-year program. Amount matches the cumulative dividend collections figure on page 25; do not add the status summary or superseded certificates as new amounts.
J-p27-1,J-p27,J,27,https://github.com/tordecilla/unprogrammed-appropriations/releases/download/pdfs-revenue-pages-v1/annex-j-p027.pdf,Certification,"Bureau of the Treasury (BTr), Republic of the Philippines",2025-11-18,2025-01-01/2025-10-31,BTr investment income,,,certified,total income from investments generated by BTr,41295050745.42,,,Sharon P. Almanza,Treasurer of the Philippines,True,True,Standalone certification dated 18 November 2025. Total investment income for 1 January–31 October 2025 exceeded the full-year program. Amount matches page 25's cumulative figure; do not add page 25 status amount or the superseded certificate as a new amount.
J-p28-1,J-p28,J,28,https://github.com/tordecilla/unprogrammed-appropriations/releases/download/pdfs-revenue-pages-v1/annex-j-p028.pdf,Certification,"Bureau of the Treasury (BTr), Republic of the Philippines",2025-11-03,2025-01-01/2025-07-31,Interest income on National Government deposits,,,certified,actual interest income earned from National Government deposits,9252725491.82,,,Sharon P. Almanza,Treasurer of the Philippines,True,True,Standalone certification dated 03 November 2025. States actual NG deposit interest income for 1 January–31 July 2025 exceeded the FY program. Amount matches the cumulative page 25 status figure; it is not an incremental amount to add to that summary.
