id,reportYear,sourceAnnex,sourcePage,printedPage,sourcePdf,section,level,label,agency,saroNumber,date,amountType,amountPesos,amountCentavos,reviewNote
j-status-2024-p001-c001,2024,J,1,1,https://github.com/tordecilla/unprogrammed-appropriations/releases/download/pdfs-revenue-pages-v1/annex-j-p001.pdf,Summary; column=BTr,summary,Excess Income,,,,subtotal/total,377061863892.59,37706186389259,
j-status-2024-p001-c002,2024,J,1,1,https://github.com/tordecilla/unprogrammed-appropriations/releases/download/pdfs-revenue-pages-v1/annex-j-p001.pdf,Summary; column=BOC,summary,Excess Income,,,,subtotal/total,19927318343.67,1992731834367,
j-status-2024-p001-c003,2024,J,1,1,https://github.com/tordecilla/unprogrammed-appropriations/releases/download/pdfs-revenue-pages-v1/annex-j-p001.pdf,Summary; column=total,summary,Excess Income,,,,subtotal/total,396989182236.26,39698918223626,
j-status-2024-p001-c004,2024,J,1,1,https://github.com/tordecilla/unprogrammed-appropriations/releases/download/pdfs-revenue-pages-v1/annex-j-p001.pdf,Summary; column=BTr,summary,Less: SARO Releases,,,,deduction,373693829649.00,37369382964900,
j-status-2024-p001-c005,2024,J,1,1,https://github.com/tordecilla/unprogrammed-appropriations/releases/download/pdfs-revenue-pages-v1/annex-j-p001.pdf,Summary; column=BOC,summary,Less: SARO Releases,,,,deduction,17625963950.00,1762596395000,
j-status-2024-p001-c006,2024,J,1,1,https://github.com/tordecilla/unprogrammed-appropriations/releases/download/pdfs-revenue-pages-v1/annex-j-p001.pdf,Summary; column=total,summary,Less: SARO Releases,,,,deduction,391319793599.00,39131979359900,
j-status-2024-p001-c007,2024,J,1,1,https://github.com/tordecilla/unprogrammed-appropriations/releases/download/pdfs-revenue-pages-v1/annex-j-p001.pdf,Summary; column=BTr,summary,Balance after Releases,,,,balance,3368034243.59,336803424359,
j-status-2024-p001-c008,2024,J,1,1,https://github.com/tordecilla/unprogrammed-appropriations/releases/download/pdfs-revenue-pages-v1/annex-j-p001.pdf,Summary; column=BOC,summary,Balance after Releases,,,,balance,2301354393.67,230135439367,
j-status-2024-p001-c009,2024,J,1,1,https://github.com/tordecilla/unprogrammed-appropriations/releases/download/pdfs-revenue-pages-v1/annex-j-p001.pdf,Summary; column=total,summary,Balance after Releases,,,,balance,5669388637.26,566938863726,
j-status-2024-p001-c010,2024,J,1,1,https://github.com/tordecilla/unprogrammed-appropriations/releases/download/pdfs-revenue-pages-v1/annex-j-p001.pdf,Summary; column=BTr,summary,Balance,,,,balance,3368034243.59,336803424359,
j-status-2024-p001-c011,2024,J,1,1,https://github.com/tordecilla/unprogrammed-appropriations/releases/download/pdfs-revenue-pages-v1/annex-j-p001.pdf,Summary; column=BOC,summary,Balance,,,,balance,2301354393.67,230135439367,
j-status-2024-p001-c012,2024,J,1,1,https://github.com/tordecilla/unprogrammed-appropriations/releases/download/pdfs-revenue-pages-v1/annex-j-p001.pdf,Summary; column=total,summary,Balance,,,,balance,5669388637.26,566938863726,
j-status-2024-p001-c013,2024,J,1,1,https://github.com/tordecilla/unprogrammed-appropriations/releases/download/pdfs-revenue-pages-v1/annex-j-p001.pdf,BTr; column=amount,section_total,Excess Income per BTr Certifications,BTr,,,subtotal/total,377061863892.59,37706186389259,
j-status-2024-p001-c014,2024,J,1,1,https://github.com/tordecilla/unprogrammed-appropriations/releases/download/pdfs-revenue-pages-v1/annex-j-p001.pdf,BTr; column=amount,section_total,I. Fund Balances of GOCCs,BTr,,,balance,164900000000.00,16490000000000,
j-status-2024-p001-c015,2024,J,1,1,https://github.com/tordecilla/unprogrammed-appropriations/releases/download/pdfs-revenue-pages-v1/annex-j-p001.pdf,BTr; column=amount,leaf,"First Tranche of Fund Balance of PhilHealth; BTr Certification dated May 13, 2024",BTr,,2024-05-13,balance,20000000000.00,2000000000000,
j-status-2024-p001-c016,2024,J,1,1,https://github.com/tordecilla/unprogrammed-appropriations/releases/download/pdfs-revenue-pages-v1/annex-j-p001.pdf,BTr; column=amount,leaf,"First Tranche of Fund Balance of PDIC; BTr Certification dated June 5, 2024",BTr,,2024-06-05,balance,30000000000.00,3000000000000,
j-status-2024-p001-c017,2024,J,1,1,https://github.com/tordecilla/unprogrammed-appropriations/releases/download/pdfs-revenue-pages-v1/annex-j-p001.pdf,BTr; column=amount,leaf,"Second Tranche of Fund Balance of PDIC; BTr Certification dated July 1, 2024",BTr,,2024-07-01,balance,30000000000.00,3000000000000,
j-status-2024-p001-c018,2024,J,1,1,https://github.com/tordecilla/unprogrammed-appropriations/releases/download/pdfs-revenue-pages-v1/annex-j-p001.pdf,BTr; column=amount,leaf,"Third Tranche of Fund Balance of PDIC; BTr Certification dated August 14, 2024",BTr,,2024-08-14,balance,20000000000.00,2000000000000,
j-status-2024-p001-c019,2024,J,1,1,https://github.com/tordecilla/unprogrammed-appropriations/releases/download/pdfs-revenue-pages-v1/annex-j-p001.pdf,BTr; column=amount,leaf,"Second Tranche of Fund Balance of PhilHealth; BTr Certification dated August 22, 2024",BTr,,2024-08-22,balance,10000000000.00,1000000000000,
j-status-2024-p001-c020,2024,J,1,1,https://github.com/tordecilla/unprogrammed-appropriations/releases/download/pdfs-revenue-pages-v1/annex-j-p001.pdf,BTr; column=amount,leaf,"Fourth Tranche of Fund Balance of PDIC; BTr Certification dated September 4, 2024",BTr,,2024-09-04,balance,24900000000.00,2490000000000,
j-status-2024-p001-c021,2024,J,1,1,https://github.com/tordecilla/unprogrammed-appropriations/releases/download/pdfs-revenue-pages-v1/annex-j-p001.pdf,BTr; column=amount,leaf,"Third Tranche of Fund Balance of PhilHealth; BTr Certification dated October 16, 2024",BTr,,2024-10-16,balance,30000000000.00,3000000000000,
j-status-2024-p001-c022,2024,J,1,1,https://github.com/tordecilla/unprogrammed-appropriations/releases/download/pdfs-revenue-pages-v1/annex-j-p001.pdf,BTr; column=amount,section_total,II. New Revenues/Excess Collections on Non-tax revenues per BESF,BTr,,,subtotal/total,212161863892.59,21216186389259,
j-status-2024-p001-c023,2024,J,1,1,https://github.com/tordecilla/unprogrammed-appropriations/releases/download/pdfs-revenue-pages-v1/annex-j-p001.pdf,BTr; column=amount,subtotal,Dividend Collections (gross) — BOC certification column,BTr,,,subtotal/total,96454857018.05,9645485701805,
j-status-2024-p001-c024,2024,J,1,1,https://github.com/tordecilla/unprogrammed-appropriations/releases/download/pdfs-revenue-pages-v1/annex-j-p001.pdf,BTr; column=amount,leaf,"Dividend Collections — Less: Full Year Program (BESF) page C.4, Jan. 1 to Aug. 30 BTr Certification dated September 17, 2024",BTr,,2024-09-17,deduction,16000000000.00,1600000000000,
j-status-2024-p001-c025,2024,J,1,1,https://github.com/tordecilla/unprogrammed-appropriations/releases/download/pdfs-revenue-pages-v1/annex-j-p001.pdf,BTr; column=amount,subtotal,Dividend Collections after BESF deduction,BTr,,,subtotal/total,80454857018.05,8045485701805,
j-status-2024-p001-c026,2024,J,1,1,https://github.com/tordecilla/unprogrammed-appropriations/releases/download/pdfs-revenue-pages-v1/annex-j-p001.pdf,BTr; column=amount,leaf,"Add: Additional Dividends September 2 to December 5; BTr Certification dated December 12, 2024",BTr,,2024-12-12,line item,40149945573.01,4014994557301,
j-status-2024-p001-c027,2024,J,1,1,https://github.com/tordecilla/unprogrammed-appropriations/releases/download/pdfs-revenue-pages-v1/annex-j-p001.pdf,BTr; column=amount,subtotal,Interest on National Government Advances to GOCCs (gross),BTr,,,subtotal/total,13753818275.91,1375381827591,
j-status-2024-p001-c028,2024,J,1,1,https://github.com/tordecilla/unprogrammed-appropriations/releases/download/pdfs-revenue-pages-v1/annex-j-p001.pdf,BTr; column=amount,leaf,"Interest on NG Advances — Less: Full Year Program (BESF) page C.4, Jan. 1 to Aug. 30 BTr Certification dated September 17, 2024",BTr,,2024-09-17,deduction,580000000.00,58000000000,
j-status-2024-p001-c029,2024,J,1,1,https://github.com/tordecilla/unprogrammed-appropriations/releases/download/pdfs-revenue-pages-v1/annex-j-p001.pdf,BTr; column=amount,subtotal,Interest on National Government Advances to GOCCs after BESF deduction,BTr,,,subtotal/total,13175818275.91,1317581827591,
j-status-2024-p001-c030,2024,J,1,1,https://github.com/tordecilla/unprogrammed-appropriations/releases/download/pdfs-revenue-pages-v1/annex-j-p001.pdf,BTr; column=amount,leaf,"Cancelled Domestic Letter of Credit by the Department of Health; Jan. 1 to Aug. 30 BTr Certification dated September 17, 2024",BTr,,2024-09-17,line item,3733674570.09,373367457009,
j-status-2024-p001-c031,2024,J,1,1,https://github.com/tordecilla/unprogrammed-appropriations/releases/download/pdfs-revenue-pages-v1/annex-j-p001.pdf,BTr; column=amount,subtotal,Income from Investments (gross),BTr,,,subtotal/total,35253713264.33,3525371326433,
j-status-2024-p001-c032,2024,J,1,1,https://github.com/tordecilla/unprogrammed-appropriations/releases/download/pdfs-revenue-pages-v1/annex-j-p001.pdf,BTr; column=amount,leaf,"Income from Investments — Less: Full Year Program (BESF) page C.4, Jan. 1 to Aug. 30 BTr Certification dated September 18, 2024",BTr,,2024-09-18,deduction,17000000000.00,1700000000000,
j-status-2024-p001-c033,2024,J,1,1,https://github.com/tordecilla/unprogrammed-appropriations/releases/download/pdfs-revenue-pages-v1/annex-j-p001.pdf,BTr; column=amount,subtotal,Income from Investments after BESF deduction,BTr,,,subtotal/total,18253713264.33,1825371326433,
j-status-2024-p001-c034,2024,J,1,1,https://github.com/tordecilla/unprogrammed-appropriations/releases/download/pdfs-revenue-pages-v1/annex-j-p001.pdf,BTr; column=amount,leaf,"Add: Additional Income from Investments from September 2 to November 22; BTr Certification dated November 29, 2024",BTr,,2024-11-29,line item,10547492122.08,1054749212208,
j-status-2024-p001-c035,2024,J,1,1,https://github.com/tordecilla/unprogrammed-appropriations/releases/download/pdfs-revenue-pages-v1/annex-j-p001.pdf,BTr; column=amount,leaf,"MIAA Upfront Payment from the SMC; January 1 to September 16 BTr Certification dated September 17, 2024",BTr,,2024-09-17,line item,30000000000.00,3000000000000,
j-status-2024-p001-c036,2024,J,1,1,https://github.com/tordecilla/unprogrammed-appropriations/releases/download/pdfs-revenue-pages-v1/annex-j-p001.pdf,BTr; column=amount,subtotal,Interest Income from NG Deposits (gross),BTr,,,subtotal/total,11322666522.77,1132266652277,
j-status-2024-p001-c037,2024,J,1,1,https://github.com/tordecilla/unprogrammed-appropriations/releases/download/pdfs-revenue-pages-v1/annex-j-p001.pdf,BTr; column=amount,leaf,"Interest Income from NG Deposits — Less: Full Year Program (BESF) page C.4, Jan. 1 to Aug. 30 BTr Certification dated September 17, 2024",BTr,,2024-09-17,deduction,1700000000.00,170000000000,
j-status-2024-p001-c038,2024,J,1,1,https://github.com/tordecilla/unprogrammed-appropriations/releases/download/pdfs-revenue-pages-v1/annex-j-p001.pdf,BTr; column=amount,subtotal,Interest Income from NG Deposits after BESF deduction,BTr,,,subtotal/total,9622666522.77,962266652277,
j-status-2024-p001-c039,2024,J,1,1,https://github.com/tordecilla/unprogrammed-appropriations/releases/download/pdfs-revenue-pages-v1/annex-j-p001.pdf,BTr; column=amount,leaf,"Add: Additional Interest Income from September 2 to November 22; BTr Certification dated November 29, 2024",BTr,,2024-11-29,line item,5704196546.35,570419654635,
j-status-2024-p001-c040,2024,J,1,1,https://github.com/tordecilla/unprogrammed-appropriations/releases/download/pdfs-revenue-pages-v1/annex-j-p001.pdf,BTr; column=amount,section_total,Less: SARO Releases,BTr,,,deduction,373693829649.00,37369382964900,
j-status-2024-p001-c041,2024,J,1,1,https://github.com/tordecilla/unprogrammed-appropriations/releases/download/pdfs-revenue-pages-v1/annex-j-p001.pdf,"Purpose No. 16 - Maintenance, Repair and Rehabilitation of Infrastructure Facilities (Routine Maintenance of National Roads); column=amount",purpose_total,"Purpose No. 16 - Maintenance, Repair and Rehabilitation of Infrastructure Facilities (Routine Maintenance of National Roads)",BTr,,,line item,13500000000.00,1350000000000,
j-status-2024-p001-c042,2024,J,1,1,https://github.com/tordecilla/unprogrammed-appropriations/releases/download/pdfs-revenue-pages-v1/annex-j-p001.pdf,"Purpose No. 16 - Maintenance, Repair and Rehabilitation of Infrastructure Facilities (Routine Maintenance of National Roads); column=amount",leaf,"Released May 27, 2024",DPWH-OSEC,,2024-05-27,SARO release,6000000000.00,600000000000,
j-status-2024-p001-c043,2024,J,1,1,https://github.com/tordecilla/unprogrammed-appropriations/releases/download/pdfs-revenue-pages-v1/annex-j-p001.pdf,"Purpose No. 16 - Maintenance, Repair and Rehabilitation of Infrastructure Facilities (Routine Maintenance of National Roads); column=amount",leaf,"Released November 11, 2024",DPWH-OSEC,,2024-11-11,SARO release,7500000000.00,750000000000,
j-status-2024-p001-c044,2024,J,1,1,https://github.com/tordecilla/unprogrammed-appropriations/releases/download/pdfs-revenue-pages-v1/annex-j-p001.pdf,Purpose No. 9 B - Panay-Guimaras-Negros (PGN) Island Bridges Project (GOP Counterpart); column=amount,purpose_total,Purpose No. 9 B - Panay-Guimaras-Negros (PGN) Island Bridges Project (GOP Counterpart),BTr,,,line item,164000000.00,16400000000,
j-status-2024-p001-c045,2024,J,1,1,https://github.com/tordecilla/unprogrammed-appropriations/releases/download/pdfs-revenue-pages-v1/annex-j-p001.pdf,Purpose No. 9 B - Panay-Guimaras-Negros (PGN) Island Bridges Project (GOP Counterpart); column=amount,leaf,"Released June 10, 2024",DPWH-OSEC,,2024-06-10,SARO release,10564000.00,1056400000,
j-status-2024-p001-c046,2024,J,1,1,https://github.com/tordecilla/unprogrammed-appropriations/releases/download/pdfs-revenue-pages-v1/annex-j-p001.pdf,Purpose No. 9 B - Panay-Guimaras-Negros (PGN) Island Bridges Project (GOP Counterpart); column=amount,leaf,"Released September 17, 2024",DPWH-OSEC,,2024-09-17,SARO release,153436000.00,15343600000,
j-status-2024-p001-c047,2024,J,1,1,https://github.com/tordecilla/unprogrammed-appropriations/releases/download/pdfs-revenue-pages-v1/annex-j-p001.pdf,Purpose No. 17 - For Government Counterpart of Foreign-Assisted Projects; column=amount,purpose_total,Purpose No. 17 - For Government Counterpart of Foreign-Assisted Projects,BTr,,,line item,40877513688.00,4087751368800,"Printed child release amounts visually sum to PHP 40,876,672,188; printed purpose subtotal is PHP 40,877,513,688 (difference PHP 841,500). Both printed values retained pending source review."
j-status-2024-p001-c048,2024,J,1,1,https://github.com/tordecilla/unprogrammed-appropriations/releases/download/pdfs-revenue-pages-v1/annex-j-p001.pdf,Purpose No. 17 - For Government Counterpart of Foreign-Assisted Projects; column=amount,leaf,"Released June 10, 2024",DPWH-OSEC,,2024-06-10,SARO release,10772424000.00,1077242400000,
j-status-2024-p001-c049,2024,J,1,1,https://github.com/tordecilla/unprogrammed-appropriations/releases/download/pdfs-revenue-pages-v1/annex-j-p001.pdf,Purpose No. 17 - For Government Counterpart of Foreign-Assisted Projects; column=amount,leaf,"Released September 6, 2024",DAR-OSEC,,2024-09-06,SARO release,813491000.00,81349100000,
j-status-2024-p001-c050,2024,J,1,1,https://github.com/tordecilla/unprogrammed-appropriations/releases/download/pdfs-revenue-pages-v1/annex-j-p001.pdf,Purpose No. 17 - For Government Counterpart of Foreign-Assisted Projects; column=amount,leaf,"Released September 6, 2024",DA-OSEC,,2024-09-06,SARO release,1157286000.00,115728600000,
j-status-2024-p001-c051,2024,J,1,1,https://github.com/tordecilla/unprogrammed-appropriations/releases/download/pdfs-revenue-pages-v1/annex-j-p001.pdf,Purpose No. 17 - For Government Counterpart of Foreign-Assisted Projects; column=amount,leaf,"Released September 6, 2024",DA-BFAR,,2024-09-06,SARO release,92150000.00,9215000000,
j-status-2024-p001-c052,2024,J,1,1,https://github.com/tordecilla/unprogrammed-appropriations/releases/download/pdfs-revenue-pages-v1/annex-j-p001.pdf,Purpose No. 17 - For Government Counterpart of Foreign-Assisted Projects; column=amount,leaf,"Released September 6, 2024",DOTR-OSEC,,2024-09-06,SARO release,350005880.00,35000588000,
j-status-2024-p001-c053,2024,J,1,1,https://github.com/tordecilla/unprogrammed-appropriations/releases/download/pdfs-revenue-pages-v1/annex-j-p001.pdf,Purpose No. 17 - For Government Counterpart of Foreign-Assisted Projects; column=amount,leaf,"Released September 11, 2024",DSWD-OSEC,,2024-09-11,SARO release,36906193.00,3690619300,
j-status-2024-p001-c054,2024,J,1,1,https://github.com/tordecilla/unprogrammed-appropriations/releases/download/pdfs-revenue-pages-v1/annex-j-p001.pdf,Purpose No. 17 - For Government Counterpart of Foreign-Assisted Projects; column=amount,leaf,"Released September 13, 2024",DSWD-OSEC,,2024-09-13,SARO release,383228871.00,38322887100,
j-status-2024-p001-c055,2024,J,1,1,https://github.com/tordecilla/unprogrammed-appropriations/releases/download/pdfs-revenue-pages-v1/annex-j-p001.pdf,Purpose No. 17 - For Government Counterpart of Foreign-Assisted Projects; column=amount,leaf,"Released September 13, 2024",DOLE-TESDA,,2024-09-13,SARO release,52472979.00,5247297900,
j-status-2024-p001-c056,2024,J,1,1,https://github.com/tordecilla/unprogrammed-appropriations/releases/download/pdfs-revenue-pages-v1/annex-j-p001.pdf,Purpose No. 17 - For Government Counterpart of Foreign-Assisted Projects; column=amount,leaf,"Released September 17, 2024",DPWH-OSEC,,2024-09-17,SARO release,11914093500.00,1191409350000,
j-status-2024-p001-c057,2024,J,1,1,https://github.com/tordecilla/unprogrammed-appropriations/releases/download/pdfs-revenue-pages-v1/annex-j-p001.pdf,Purpose No. 17 - For Government Counterpart of Foreign-Assisted Projects; column=amount,leaf,"Released September 25, 2024",DOTR-OSEC,,2024-09-25,SARO release,8755158653.00,875515865300,
j-status-2024-p001-c058,2024,J,1,1,https://github.com/tordecilla/unprogrammed-appropriations/releases/download/pdfs-revenue-pages-v1/annex-j-p001.pdf,Purpose No. 17 - For Government Counterpart of Foreign-Assisted Projects; column=amount,leaf,"Released October 17, 2024",BSGC-NIA,,2024-10-17,SARO release,5000000000.00,500000000000,
j-status-2024-p001-c059,2024,J,1,1,https://github.com/tordecilla/unprogrammed-appropriations/releases/download/pdfs-revenue-pages-v1/annex-j-p001.pdf,Purpose No. 17 - For Government Counterpart of Foreign-Assisted Projects; column=amount,leaf,"Released November 13, 2024",DA-OSEC,,2024-11-13,SARO release,147063327.00,14706332700,
j-status-2024-p001-c060,2024,J,1,1,https://github.com/tordecilla/unprogrammed-appropriations/releases/download/pdfs-revenue-pages-v1/annex-j-p001.pdf,Purpose No. 17 - For Government Counterpart of Foreign-Assisted Projects; column=amount,leaf,"Released November 14, 2024",DOTR-OSEC,,2024-11-14,SARO release,1240365645.00,124036564500,
j-status-2024-p001-c061,2024,J,1,1,https://github.com/tordecilla/unprogrammed-appropriations/releases/download/pdfs-revenue-pages-v1/annex-j-p001.pdf,Purpose No. 17 - For Government Counterpart of Foreign-Assisted Projects; column=amount,leaf,"Released December 3, 2024",DOH-OSEC,,2024-12-03,SARO release,138792140.00,13879214000,
j-status-2024-p001-c062,2024,J,1,1,https://github.com/tordecilla/unprogrammed-appropriations/releases/download/pdfs-revenue-pages-v1/annex-j-p001.pdf,Purpose No. 17 - For Government Counterpart of Foreign-Assisted Projects; column=amount,leaf,"Released December 13, 2024",DPWH-OSEC,,2024-12-13,SARO release,14434000.00,1443400000,
j-status-2024-p001-c063,2024,J,1,1,https://github.com/tordecilla/unprogrammed-appropriations/releases/download/pdfs-revenue-pages-v1/annex-j-p001.pdf,Purpose No. 17 - For Government Counterpart of Foreign-Assisted Projects; column=amount,leaf,"Released December 16, 2024",OEO-PCC,,2024-12-16,SARO release,8800000.00,880000000,
j-status-2024-p002-c001,2024,J,2,2,https://github.com/tordecilla/unprogrammed-appropriations/releases/download/pdfs-revenue-pages-v1/annex-j-p002.pdf,Purpose No. 13 - For Payment of Right-of-Way; column=amount,leaf,"Released June 10, 2024",DPWH-OSEC,,2024-06-10,SARO release,1680398000.00,168039800000,
j-status-2024-p002-c002,2024,J,2,2,https://github.com/tordecilla/unprogrammed-appropriations/releases/download/pdfs-revenue-pages-v1/annex-j-p002.pdf,Purpose No. 13 - For Payment of Right-of-Way; column=amount,leaf,"Processed December 27, 2024",DPWH-OSEC,,2024-12-27,SARO release,1324160017.00,132416001700,
j-status-2024-p002-c003,2024,J,2,2,https://github.com/tordecilla/unprogrammed-appropriations/releases/download/pdfs-revenue-pages-v1/annex-j-p002.pdf,Purpose No. 13 - For Payment of Right-of-Way; column=amount,purpose_total,Purpose No. 13 - For Payment of Right-of-Way,BTr,,,line item,3004558017.00,300455801700,
j-status-2024-p002-c004,2024,J,2,2,https://github.com/tordecilla/unprogrammed-appropriations/releases/download/pdfs-revenue-pages-v1/annex-j-p002.pdf,Purpose No. 1 - Strengthening Assistance for Government Infrastructure and Social Programs; column=amount,purpose_total,Purpose No. 1 - Strengthening Assistance for Government Infrastructure and Social Programs,BTr,,,line item,182402887931.00,18240288793100,
j-status-2024-p002-c005,2024,J,2,2,https://github.com/tordecilla/unprogrammed-appropriations/releases/download/pdfs-revenue-pages-v1/annex-j-p002.pdf,Purpose No. 1 - Strengthening Assistance for Government Infrastructure and Social Programs; column=amount,leaf,"2024 Census of Population and Community-Based Monitoring System (Released June 14, 2024)",NEDA-PSA,,2024-06-14,SARO release,1436784000.00,143678400000,
j-status-2024-p002-c006,2024,J,2,2,https://github.com/tordecilla/unprogrammed-appropriations/releases/download/pdfs-revenue-pages-v1/annex-j-p002.pdf,Purpose No. 1 - Strengthening Assistance for Government Infrastructure and Social Programs; column=amount,leaf,"2024 Census of Population and Community-Based Monitoring System (Released September 11, 2024)",NEDA-PSA,,2024-09-11,SARO release,2195000000.00,219500000000,
j-status-2024-p002-c007,2024,J,2,2,https://github.com/tordecilla/unprogrammed-appropriations/releases/download/pdfs-revenue-pages-v1/annex-j-p002.pdf,Purpose No. 1 - Strengthening Assistance for Government Infrastructure and Social Programs; column=amount,leaf,"Weighbridge Stations and ATOME; floating equipment and priority projects (Released October 1, 2024)",DPWH-OSEC,,2024-10-01,SARO release,7418125000.00,741812500000,
j-status-2024-p002-c008,2024,J,2,2,https://github.com/tordecilla/unprogrammed-appropriations/releases/download/pdfs-revenue-pages-v1/annex-j-p002.pdf,Purpose No. 1 - Strengthening Assistance for Government Infrastructure and Social Programs; column=amount,leaf,"Protective Services for Individuals and Families in Difficult Circumstances / Assistance to Individuals in Crisis Situation (Released October 4, 2024)",DSWD-OSEC,,2024-10-04,SARO release,10000000000.00,1000000000000,
j-status-2024-p002-c009,2024,J,2,2,https://github.com/tordecilla/unprogrammed-appropriations/releases/download/pdfs-revenue-pages-v1/annex-j-p002.pdf,Purpose No. 1 - Strengthening Assistance for Government Infrastructure and Social Programs; column=amount,leaf,"Philippine Food Stamp (Strategic Transfer and Alternative Measures Program), released October 7, 2024",DSWD-OSEC,,2024-10-07,SARO release,1890000000.00,189000000000,
j-status-2024-p002-c010,2024,J,2,2,https://github.com/tordecilla/unprogrammed-appropriations/releases/download/pdfs-revenue-pages-v1/annex-j-p002.pdf,Purpose No. 1 - Strengthening Assistance for Government Infrastructure and Social Programs; column=amount,leaf,"Various priority projects under President's Eight-Point Socioeconomic Agenda (Released November 11, 2024)",DPWH-OSEC,,2024-11-11,SARO release,12024184000.00,1202418400000,
j-status-2024-p002-c011,2024,J,2,2,https://github.com/tordecilla/unprogrammed-appropriations/releases/download/pdfs-revenue-pages-v1/annex-j-p002.pdf,Purpose No. 1 - Strengthening Assistance for Government Infrastructure and Social Programs; column=amount,leaf,"Priority projects; Annex A ₱49,701,940,000, Annex B ₱18,818,000,000, Annex C ₱1,475,000,000 (Released November 14, 2024)",DPWH-OSEC,,2024-11-14,SARO release,69994940000.00,6999494000000,
j-status-2024-p002-c012,2024,J,2,2,https://github.com/tordecilla/unprogrammed-appropriations/releases/download/pdfs-revenue-pages-v1/annex-j-p002.pdf,Purpose No. 1 - Strengthening Assistance for Government Infrastructure and Social Programs; column=amount,leaf,"Additional funding requirements for Assistance to Individuals in Crisis Situations Program (Released November 15, 2024)",DSWD-OSEC,,2024-11-15,SARO release,5000000000.00,500000000000,
j-status-2024-p002-c013,2024,J,2,2,https://github.com/tordecilla/unprogrammed-appropriations/releases/download/pdfs-revenue-pages-v1/annex-j-p002.pdf,Purpose No. 1 - Strengthening Assistance for Government Infrastructure and Social Programs; column=amount,leaf,"Disaster-related infrastructure projects (Released November 28, 2024)",DPWH-OSEC,,2024-11-28,SARO release,1000000000.00,100000000000,
j-status-2024-p002-c014,2024,J,2,2,https://github.com/tordecilla/unprogrammed-appropriations/releases/download/pdfs-revenue-pages-v1/annex-j-p002.pdf,Purpose No. 1 - Strengthening Assistance for Government Infrastructure and Social Programs; column=amount,leaf,"Priority projects under President's Eight-Point Socioeconomic Agenda (Released November 28, 2024)",DPWH-OSEC,,2024-11-28,SARO release,3018250000.00,301825000000,
j-status-2024-p002-c015,2024,J,2,2,https://github.com/tordecilla/unprogrammed-appropriations/releases/download/pdfs-revenue-pages-v1/annex-j-p002.pdf,Purpose No. 1 - Strengthening Assistance for Government Infrastructure and Social Programs; column=amount,leaf,"Priority projects under President's Eight-Point Socioeconomic Agenda (Released December 3, 2024)",DPWH-OSEC,,2024-12-03,SARO release,9980000000.00,998000000000,
j-status-2024-p002-c016,2024,J,2,2,https://github.com/tordecilla/unprogrammed-appropriations/releases/download/pdfs-revenue-pages-v1/annex-j-p002.pdf,Purpose No. 1 - Strengthening Assistance for Government Infrastructure and Social Programs; column=amount,leaf,"Disaster-related infrastructure projects (Released December 13, 2024)",DPWH-OSEC,,2024-12-13,SARO release,1104184931.00,110418493100,
j-status-2024-p002-c017,2024,J,2,2,https://github.com/tordecilla/unprogrammed-appropriations/releases/download/pdfs-revenue-pages-v1/annex-j-p002.pdf,Purpose No. 1 - Strengthening Assistance for Government Infrastructure and Social Programs; column=amount,leaf,"Philippine International Exhibition Center (PIEC) (Released December 13, 2024)",BSGC-PRA,,2024-12-13,SARO release,6000000000.00,600000000000,
j-status-2024-p002-c018,2024,J,2,2,https://github.com/tordecilla/unprogrammed-appropriations/releases/download/pdfs-revenue-pages-v1/annex-j-p002.pdf,Purpose No. 1 - Strengthening Assistance for Government Infrastructure and Social Programs; column=amount,leaf,"Priority Projects to be charged against UA (Processed December 27, 2024)",DPWH-OSEC,,2024-12-27,SARO release,51341420000.00,5134142000000,
j-status-2024-p002-c019,2024,J,2,2,https://github.com/tordecilla/unprogrammed-appropriations/releases/download/pdfs-revenue-pages-v1/annex-j-p002.pdf,Purpose No. 7 - Public Health Emergency Benefits and Allowances for Health Care and Non-Healthcare Workers; column=amount,purpose_total,Purpose No. 7 - Public Health Emergency Benefits and Allowances for Health Care and Non-Healthcare Workers,BTr,,,line item,27453233268.00,2745323326800,
j-status-2024-p002-c020,2024,J,2,2,https://github.com/tordecilla/unprogrammed-appropriations/releases/download/pdfs-revenue-pages-v1/annex-j-p002.pdf,Purpose No. 7 - Public Health Emergency Benefits and Allowances for Health Care and Non-Healthcare Workers; column=amount,leaf,"Released July 5, 2024",DOH-OSEC,,2024-07-05,SARO release,27453233268.00,2745323326800,
j-status-2024-p002-c021,2024,J,2,2,https://github.com/tordecilla/unprogrammed-appropriations/releases/download/pdfs-revenue-pages-v1/annex-j-p002.pdf,Purpose No. 42 - Management and Supervision of the Comprehensive Peace Process; column=amount,purpose_total,Purpose No. 42 - Management and Supervision of the Comprehensive Peace Process,BTr,,,line item,15559189.00,1555918900,
j-status-2024-p002-c022,2024,J,2,2,https://github.com/tordecilla/unprogrammed-appropriations/releases/download/pdfs-revenue-pages-v1/annex-j-p002.pdf,Purpose No. 42 - Management and Supervision of the Comprehensive Peace Process; column=amount,leaf,"Released July 23, 2024",OEO-OPAPRU,,2024-07-23,SARO release,15559189.00,1555918900,
j-status-2024-p002-c023,2024,J,2,2,https://github.com/tordecilla/unprogrammed-appropriations/releases/download/pdfs-revenue-pages-v1/annex-j-p002.pdf,Purpose No. 19 - For Payment of Personnel Benefits; column=amount,purpose_total,Purpose No. 19 - For Payment of Personnel Benefits,BTr,,,line item,56894199179.00,5689419917900,
j-status-2024-p002-c024,2024,J,2,2,https://github.com/tordecilla/unprogrammed-appropriations/releases/download/pdfs-revenue-pages-v1/annex-j-p002.pdf,Purpose No. 19 - For Payment of Personnel Benefits; column=amount,leaf,"Salary Adjustment for Filled Positions as of December 31, 2023 cut-off",BTr,,,SARO release,24265691296.00,2426569129600,
j-status-2024-p002-c025,2024,J,2,2,https://github.com/tordecilla/unprogrammed-appropriations/releases/download/pdfs-revenue-pages-v1/annex-j-p002.pdf,Purpose No. 19 - For Payment of Personnel Benefits; column=amount,leaf,Performance-Based Bonus,BTr,,,SARO release,10834041613.00,1083404161300,
j-status-2024-p002-c026,2024,J,2,2,https://github.com/tordecilla/unprogrammed-appropriations/releases/download/pdfs-revenue-pages-v1/annex-j-p002.pdf,Purpose No. 19 - For Payment of Personnel Benefits; column=amount,leaf,PS Deficiency,BTr,,,SARO release,21794466270.00,2179446627000,
j-status-2024-p002-c027,2024,J,2,2,https://github.com/tordecilla/unprogrammed-appropriations/releases/download/pdfs-revenue-pages-v1/annex-j-p002.pdf,"Purpose No. 11 - Priority Social Programs for Health, Social Welfare and Development, Higher Education, and Technical and Vocational Education; column=amount",purpose_total,"Purpose No. 11 - Priority Social Programs for Health, Social Welfare and Development, Higher Education, and Technical and Vocational Education",BTr,,,line item,19169664755.00,1916966475500,
j-status-2024-p002-c028,2024,J,2,2,https://github.com/tordecilla/unprogrammed-appropriations/releases/download/pdfs-revenue-pages-v1/annex-j-p002.pdf,"Purpose No. 11 - Priority Social Programs for Health, Social Welfare and Development, Higher Education, and Technical and Vocational Education; column=amount",leaf,"Three DOH health facilities (Released September 27, 2024)",DOH-OSEC,,2024-09-27,SARO release,3370000000.00,337000000000,
j-status-2024-p002-c029,2024,J,2,2,https://github.com/tordecilla/unprogrammed-appropriations/releases/download/pdfs-revenue-pages-v1/annex-j-p002.pdf,"Purpose No. 11 - Priority Social Programs for Health, Social Welfare and Development, Higher Education, and Technical and Vocational Education; column=amount",leaf,"Medical Assistance to Indigent and Financially Incapacitated Patients (Released October 28, 2024)",DOH-OSEC,,2024-10-28,SARO release,10000000000.00,1000000000000,
j-status-2024-p002-c030,2024,J,2,2,https://github.com/tordecilla/unprogrammed-appropriations/releases/download/pdfs-revenue-pages-v1/annex-j-p002.pdf,"Purpose No. 11 - Priority Social Programs for Health, Social Welfare and Development, Higher Education, and Technical and Vocational Education; column=amount",leaf,"Procurement of medical equipment for DOH hospitals, LGU hospitals, and Primary Care Facilities (Released November 26, 2024)",DOH-OSEC,,2024-11-26,SARO release,2816080507.00,281608050700,
j-status-2024-p002-c031,2024,J,2,2,https://github.com/tordecilla/unprogrammed-appropriations/releases/download/pdfs-revenue-pages-v1/annex-j-p002.pdf,"Purpose No. 11 - Priority Social Programs for Health, Social Welfare and Development, Higher Education, and Technical and Vocational Education; column=amount",leaf,"Procurement of medical equipment for DOH hospitals, LGU hospitals, and Primary Care Facilities (Released December 5, 2024)",DOH-OSEC,,2024-12-05,SARO release,1285000000.00,128500000000,
j-status-2024-p002-c032,2024,J,2,2,https://github.com/tordecilla/unprogrammed-appropriations/releases/download/pdfs-revenue-pages-v1/annex-j-p002.pdf,"Purpose No. 11 - Priority Social Programs for Health, Social Welfare, and Development, Higher Education, and Technical and Vocational Education; column=amount",leaf,"Health Facilities Enhancement Program (Released December 19, 2024)",DOH-OSEC,,2024-12-19,SARO release,1698584248.00,169858424800,
j-status-2024-p002-c033,2024,J,2,2,https://github.com/tordecilla/unprogrammed-appropriations/releases/download/pdfs-revenue-pages-v1/annex-j-p002.pdf,Purpose No. 12 - Revised AFP Modernization Program; column=amount,purpose_total,Purpose No. 12 - Revised AFP Modernization Program,BTr,,,line item,10000000000.00,1000000000000,
j-status-2024-p002-c034,2024,J,2,2,https://github.com/tordecilla/unprogrammed-appropriations/releases/download/pdfs-revenue-pages-v1/annex-j-p002.pdf,Purpose No. 12 - Revised AFP Modernization Program; column=amount,leaf,"Released September 27, 2024",DND-AFPGHQ Proper,,2024-09-27,SARO release,10000000000.00,1000000000000,
j-status-2024-p002-c035,2024,J,2,2,https://github.com/tordecilla/unprogrammed-appropriations/releases/download/pdfs-revenue-pages-v1/annex-j-p002.pdf,Purpose No. 20 - Pension and Gratuity Fund; column=amount,purpose_total,Purpose No. 20 - Pension and Gratuity Fund,BTr,,,line item,8662991082.00,866299108200,
j-status-2024-p002-c036,2024,J,2,2,https://github.com/tordecilla/unprogrammed-appropriations/releases/download/pdfs-revenue-pages-v1/annex-j-p002.pdf,Purpose No. 20 - Pension and Gratuity Fund; column=amount,leaf,Terminal Leave Benefits,BTr,,,SARO release,5957904016.00,595790401600,
j-status-2024-p002-c037,2024,J,2,2,https://github.com/tordecilla/unprogrammed-appropriations/releases/download/pdfs-revenue-pages-v1/annex-j-p002.pdf,Purpose No. 20 - Pension and Gratuity Fund; column=amount,leaf,Monetization of Leave Credits,BTr,,,SARO release,244136134.00,24413613400,
j-status-2024-p002-c038,2024,J,2,2,https://github.com/tordecilla/unprogrammed-appropriations/releases/download/pdfs-revenue-pages-v1/annex-j-p002.pdf,Purpose No. 20 - Pension and Gratuity Fund; column=amount,leaf,Pension/RG,BTr,,,SARO release,2460950932.00,246095093200,
j-status-2024-p002-c039,2024,J,2,2,https://github.com/tordecilla/unprogrammed-appropriations/releases/download/pdfs-revenue-pages-v1/annex-j-p002.pdf,Purpose No. 27 - Financial Subsidy for Purchase of Photovoltaic Mainstreaming (Solar Home System) for Rural Communities; column=amount,purpose_total,Purpose No. 27 - Financial Subsidy for Purchase of Photovoltaic Mainstreaming (Solar Home System) for Rural Communities,BTr,,,line item,3000000000.00,300000000000,
j-status-2024-p002-c040,2024,J,2,2,https://github.com/tordecilla/unprogrammed-appropriations/releases/download/pdfs-revenue-pages-v1/annex-j-p002.pdf,Purpose No. 27 - Financial Subsidy for Purchase of Photovoltaic Mainstreaming (Solar Home System) for Rural Communities; column=amount,leaf,"Released October 22, 2024",BSGC-NEA,,2024-10-22,SARO release,900000000.00,90000000000,
j-status-2024-p002-c041,2024,J,2,2,https://github.com/tordecilla/unprogrammed-appropriations/releases/download/pdfs-revenue-pages-v1/annex-j-p002.pdf,Purpose No. 27 - Financial Subsidy for Purchase of Photovoltaic Mainstreaming (Solar Home System) for Rural Communities; column=amount,leaf,"Released December 18, 2024",BSGC-NEA,,2024-12-18,SARO release,2100000000.00,210000000000,
j-status-2024-p002-c042,2024,J,2,2,https://github.com/tordecilla/unprogrammed-appropriations/releases/download/pdfs-revenue-pages-v1/annex-j-p002.pdf,Purpose No. 8 - Fiscal Support Arrearages for Comprehensive Automotive Resurgence Strategy (CARS) Program; column=amount,purpose_total,Purpose No. 8 - Fiscal Support Arrearages for Comprehensive Automotive Resurgence Strategy (CARS) Program,BTr,,,line item,410824940.00,41082494000,
j-status-2024-p002-c043,2024,J,2,2,https://github.com/tordecilla/unprogrammed-appropriations/releases/download/pdfs-revenue-pages-v1/annex-j-p002.pdf,Purpose No. 8 - Fiscal Support Arrearages for Comprehensive Automotive Resurgence Strategy (CARS) Program; column=amount,leaf,"Released November 14, 2024",DTI-BOI,,2024-11-14,SARO release,410824940.00,41082494000,
j-status-2024-p002-c044,2024,J,2,2,https://github.com/tordecilla/unprogrammed-appropriations/releases/download/pdfs-revenue-pages-v1/annex-j-p002.pdf,Purpose No. 48 - Support to the Barangay Development Program of the NTF-ELCAC; column=amount,purpose_total,Purpose No. 48 - Support to the Barangay Development Program of the NTF-ELCAC,BTr,,,line item,4320000000.00,432000000000,
j-status-2024-p002-c045,2024,J,2,2,https://github.com/tordecilla/unprogrammed-appropriations/releases/download/pdfs-revenue-pages-v1/annex-j-p002.pdf,Purpose No. 48 - Support to the Barangay Development Program of the NTF-ELCAC; column=amount,leaf,Implementation of priority projects of recipient local government units under the Support to the Barangay Development Program,DOF-BTr,,,SARO release,4320000000.00,432000000000,
j-status-2024-p002-c046,2024,J,2,2,https://github.com/tordecilla/unprogrammed-appropriations/releases/download/pdfs-revenue-pages-v1/annex-j-p002.pdf,Purpose No. 33 - Cold Storage Expansion Project; column=amount,purpose_total,Purpose No. 33 - Cold Storage Expansion Project,BTr,,,line item,1500000000.00,150000000000,
j-status-2024-p002-c047,2024,J,2,2,https://github.com/tordecilla/unprogrammed-appropriations/releases/download/pdfs-revenue-pages-v1/annex-j-p002.pdf,Purpose No. 33 - Cold Storage Expansion Project; column=amount,leaf,"Released November 26, 2024",DA-OSEC,,2024-11-26,SARO release,1500000000.00,150000000000,
j-status-2024-p002-c048,2024,J,2,2,https://github.com/tordecilla/unprogrammed-appropriations/releases/download/pdfs-revenue-pages-v1/annex-j-p002.pdf,Purpose No. 37 - Marawi Siege Victims Compensation Program; column=amount,purpose_total,Purpose No. 37 - Marawi Siege Victims Compensation Program,BTr,,,line item,2318397600.00,231839760000,
j-status-2024-p002-c049,2024,J,2,2,https://github.com/tordecilla/unprogrammed-appropriations/releases/download/pdfs-revenue-pages-v1/annex-j-p002.pdf,Purpose No. 37 - Marawi Siege Victims Compensation Program; column=amount,leaf,"Released December 20, 2024",OEO-MCB,,2024-12-20,SARO release,2318397600.00,231839760000,
j-status-2024-p002-c050,2024,J,2,2,https://github.com/tordecilla/unprogrammed-appropriations/releases/download/pdfs-revenue-pages-v1/annex-j-p002.pdf,BTr; column=amount,section_total,Balance after Releases (detail printed rounded to whole pesos),BTr,,,balance,3368034244.00,336803424400,"Printed whole pesos with no cents; represented with .00 for consistent string-valued pesos. The page 1 summary separately prints PHP 3,368,034,243.59."
j-status-2024-p003-c001,2024,J,3,3,https://github.com/tordecilla/unprogrammed-appropriations/releases/download/pdfs-revenue-pages-v1/annex-j-p003.pdf,BOC; column=amount,leaf,"Excess Income per BOC Certifications — Collection of Duties from Rice Importations, January 1 to March 31, 2023 certification dated June 8, 2023",BOC,,2023-06-08,line item,5454077278.98,545407727898,
j-status-2024-p003-c002,2024,J,3,3,https://github.com/tordecilla/unprogrammed-appropriations/releases/download/pdfs-revenue-pages-v1/annex-j-p003.pdf,BOC; column=amount,leaf,"Collection of Duties from Rice Importations, April 1 to June 30, 2023 certification dated September 5, 2023",BOC,,2023-09-05,line item,8181380624.66,818138062466,
j-status-2024-p003-c003,2024,J,3,3,https://github.com/tordecilla/unprogrammed-appropriations/releases/download/pdfs-revenue-pages-v1/annex-j-p003.pdf,BOC; column=amount,leaf,"Collection of Duties from Rice Importations, July 1 to September 30, 2023 certification dated October 24, 2023",BOC,,2023-10-24,line item,7582872092.40,758287209240,
j-status-2024-p003-c004,2024,J,3,3,https://github.com/tordecilla/unprogrammed-appropriations/releases/download/pdfs-revenue-pages-v1/annex-j-p003.pdf,BOC; column=amount,leaf,"Collection of Duties from Rice Importations, October 1 to December 31, 2023 certification dated January 24, 2024",BOC,,2024-01-24,line item,8708988347.63,870898834763,
j-status-2024-p003-c005,2024,J,3,3,https://github.com/tordecilla/unprogrammed-appropriations/releases/download/pdfs-revenue-pages-v1/annex-j-p003.pdf,BOC; column=amount,subtotal,Total 2023 rice-import duties,BOC,,,subtotal/total,29927318343.67,2992731834367,
j-status-2024-p003-c006,2024,J,3,3,https://github.com/tordecilla/unprogrammed-appropriations/releases/download/pdfs-revenue-pages-v1/annex-j-p003.pdf,BOC; column=amount,leaf,Less: Rice Competitiveness Enhancement Fund (Rice Fund) (RCEF),BOC,,,deduction,10000000000.00,1000000000000,
j-status-2024-p003-c007,2024,J,3,3,https://github.com/tordecilla/unprogrammed-appropriations/releases/download/pdfs-revenue-pages-v1/annex-j-p003.pdf,BOC; column=amount,subtotal,Excess Income,BOC,,,subtotal/total,19927318343.67,1992731834367,
j-status-2024-p003-c008,2024,J,3,3,https://github.com/tordecilla/unprogrammed-appropriations/releases/download/pdfs-revenue-pages-v1/annex-j-p003.pdf,BOC; column=amount,section_total,Less: SARO Release,BOC,,,deduction,17625963950.00,1762596395000,
j-status-2024-p003-c009,2024,J,3,3,https://github.com/tordecilla/unprogrammed-appropriations/releases/download/pdfs-revenue-pages-v1/annex-j-p003.pdf,BOC; column=amount,leaf,"Actual SARO charged against UA Purpose No. 1 — Strengthening Assistance for Government Infrastructure and Social Programs; implementation of rice farmers' financial assistance under RA 11203 as reiterated under RA 11598 (Released October 21, 2024)",BOC,,2024-10-21,line item,17625963950.00,1762596395000,
j-status-2024-p003-c010,2024,J,3,3,https://github.com/tordecilla/unprogrammed-appropriations/releases/download/pdfs-revenue-pages-v1/annex-j-p003.pdf,BOC; column=amount,section_total,Balance,BOC,,,balance,2301354393.67,230135439367,
j-status-2025-p025-c001,2025,J,25,1,https://github.com/tordecilla/unprogrammed-appropriations/releases/download/pdfs-revenue-pages-v1/annex-j-p025.pdf,available_income,summary,Available Excess Income per BTr Certifications,,,,available_income,102277458303.18,10227745830318,
j-status-2025-p025-c002,2025,J,25,1,https://github.com/tordecilla/unprogrammed-appropriations/releases/download/pdfs-revenue-pages-v1/annex-j-p025.pdf,available_income,summary,New Revenues/Excess Collections on Non-tax revenues per BESF:,,,,available_income_subtotal,102277458303.18,10227745830318,Printed amount repeats the Available Excess Income total.
j-status-2025-p025-c003,2025,J,25,1,https://github.com/tordecilla/unprogrammed-appropriations/releases/download/pdfs-revenue-pages-v1/annex-j-p025.pdf,Dividend Collections,income_detail,"January 1 to October 31 BTr Certification dated November 18, 2025 (Superseded Certifications dated May 14, July 28, and November 3, 2025)",Bureau of the Treasury (BTr),,"November 18, 2025",certified_gross_income,106529682065.94,10652968206594,Older certification dates are listed as superseded in the printed label.
j-status-2025-p025-c004,2025,J,25,1,https://github.com/tordecilla/unprogrammed-appropriations/releases/download/pdfs-revenue-pages-v1/annex-j-p025.pdf,Dividend Collections,deduction,Less: Full Year Program (FY 2025 BESF) Table C.4,,,,besf_deduction,20000000000.00,2000000000000,
j-status-2025-p025-c005,2025,J,25,1,https://github.com/tordecilla/unprogrammed-appropriations/releases/download/pdfs-revenue-pages-v1/annex-j-p025.pdf,Dividend Collections,net,Dividend Collections after BESF deduction,,,,net_income,86529682065.94,8652968206594,Printed net amount.
j-status-2025-p025-c006,2025,J,25,1,https://github.com/tordecilla/unprogrammed-appropriations/releases/download/pdfs-revenue-pages-v1/annex-j-p025.pdf,Income from Investments,income_detail,"January 1 to October 31 BTr Certification dated November 18, 2025 (Superseded Certifications dated November 3, 2025)",Bureau of the Treasury (BTr),,"November 18, 2025",certified_gross_income,41295050745.42,4129505074542,"Older certification dated November 3, 2025 is listed as superseded."
j-status-2025-p025-c007,2025,J,25,1,https://github.com/tordecilla/unprogrammed-appropriations/releases/download/pdfs-revenue-pages-v1/annex-j-p025.pdf,Income from Investments,deduction,Less: Full Year Program (FY 2025 BESF) Table C.4,,,,besf_deduction,30000000000.00,3000000000000,
j-status-2025-p025-c008,2025,J,25,1,https://github.com/tordecilla/unprogrammed-appropriations/releases/download/pdfs-revenue-pages-v1/annex-j-p025.pdf,Income from Investments,net,Income from Investments after BESF deduction,,,,net_income,11295050745.42,1129505074542,Printed net amount.
j-status-2025-p025-c009,2025,J,25,1,https://github.com/tordecilla/unprogrammed-appropriations/releases/download/pdfs-revenue-pages-v1/annex-j-p025.pdf,Interest Income from NG Deposits,income_detail,"January 1 to July 31 BTr Certification dated November 3, 2025",Bureau of the Treasury (BTr),,"November 3, 2025",certified_gross_income,9252725491.82,925272549182,
j-status-2025-p025-c010,2025,J,25,1,https://github.com/tordecilla/unprogrammed-appropriations/releases/download/pdfs-revenue-pages-v1/annex-j-p025.pdf,Interest Income from NG Deposits,deduction,Less: Full Year Program (FY 2025 BESF) Table C.4,,,,besf_deduction,4800000000.00,480000000000,
j-status-2025-p025-c011,2025,J,25,1,https://github.com/tordecilla/unprogrammed-appropriations/releases/download/pdfs-revenue-pages-v1/annex-j-p025.pdf,Interest Income from NG Deposits,net,Interest Income from NG Deposits after BESF deduction,,,,net_income,4452725491.82,445272549182,Printed net amount.
j-status-2025-p025-c012,2025,J,25,1,https://github.com/tordecilla/unprogrammed-appropriations/releases/download/pdfs-revenue-pages-v1/annex-j-p025.pdf,saro_releases,summary,Less: SARO Releases,,,,saro_releases_total,101566373729.00,10156637372900,
j-status-2025-p025-c013,2025,J,25,1,https://github.com/tordecilla/unprogrammed-appropriations/releases/download/pdfs-revenue-pages-v1/annex-j-p025.pdf,saro_releases,purpose_subtotal,Purpose No. 1 - Strengthening Assistance for Government Infrastructure and Social Programs,,,,purpose_subtotal,51969141532.00,5196914153200,
j-status-2025-p025-c014,2025,J,25,1,https://github.com/tordecilla/unprogrammed-appropriations/releases/download/pdfs-revenue-pages-v1/annex-j-p025.pdf,saro_releases,saro_line,Computerization Program,DepEd-OSEC,,"July 18, 2025",saro_line_amount,9894466250.00,989446625000,No SARO number is printed on this summary page.
j-status-2025-p025-c015,2025,J,25,1,https://github.com/tordecilla/unprogrammed-appropriations/releases/download/pdfs-revenue-pages-v1/annex-j-p025.pdf,saro_releases,saro_line,National Rice Program,DA-OSEC,,"August 15, 2025",saro_line_amount,8853364000.00,885336400000,No SARO number is printed on this summary page.
j-status-2025-p025-c016,2025,J,25,1,https://github.com/tordecilla/unprogrammed-appropriations/releases/download/pdfs-revenue-pages-v1/annex-j-p025.pdf,saro_releases,saro_line,Public Health Emergency Benefits and Allowances,DOH-OSEC,,"September 1, 2025",saro_line_amount,6766760056.00,676676005600,No SARO number is printed on this summary page.
j-status-2025-p025-c017,2025,J,25,1,https://github.com/tordecilla/unprogrammed-appropriations/releases/download/pdfs-revenue-pages-v1/annex-j-p025.pdf,saro_releases,saro_line,Assistance to Individuals in Crisis Situations Program,DSWD-OSEC,,"October 13, 2025",saro_line_amount,5000000000.00,500000000000,No SARO number is printed on this summary page.
j-status-2025-p025-c018,2025,J,25,1,https://github.com/tordecilla/unprogrammed-appropriations/releases/download/pdfs-revenue-pages-v1/annex-j-p025.pdf,saro_releases,saro_line,Rice Seed Program,BSGC-PHILRICE,,"October 14, 2025",saro_line_amount,1665000000.00,166500000000,No SARO number is printed on this summary page.
j-status-2025-p025-c019,2025,J,25,1,https://github.com/tordecilla/unprogrammed-appropriations/releases/download/pdfs-revenue-pages-v1/annex-j-p025.pdf,saro_releases,saro_line,Pantawid Pamilyang Pilipino Program,DSWD-OSEC,,"November 4, 2025",saro_line_amount,3501727150.00,350172715000,No SARO number is printed on this summary page.
j-status-2025-p025-c020,2025,J,25,1,https://github.com/tordecilla/unprogrammed-appropriations/releases/download/pdfs-revenue-pages-v1/annex-j-p025.pdf,saro_releases,saro_line,Assistance to Individuals in Crisis Situations Program,DSWD-OSEC,,"November 26, 2025",saro_line_amount,5000000000.00,500000000000,No SARO number is printed on this summary page.
j-status-2025-p025-c021,2025,J,25,1,https://github.com/tordecilla/unprogrammed-appropriations/releases/download/pdfs-revenue-pages-v1/annex-j-p025.pdf,saro_releases,saro_line,Establishment of Regional Prison Facilities,DOJ-BuCor,,"November 27, 2025",saro_line_amount,2353040000.00,235304000000,No SARO number is printed on this summary page.
j-status-2025-p025-c022,2025,J,25,1,https://github.com/tordecilla/unprogrammed-appropriations/releases/download/pdfs-revenue-pages-v1/annex-j-p025.pdf,saro_releases,saro_line,Implementation of Assistance to Individuals in Crisis Situation Program,DSWD-OSEC,,"December 11, 2025",saro_line_amount,4000000000.00,400000000000,Printed label uses singular “Situation”. No SARO number is printed on this summary page.
j-status-2025-p025-c023,2025,J,25,1,https://github.com/tordecilla/unprogrammed-appropriations/releases/download/pdfs-revenue-pages-v1/annex-j-p025.pdf,saro_releases,saro_line,Procurement of family food packs and non-food items and the implementation of Emergency Cash Transfer (ECT) for disaster-affected families,DSWD-OSEC,,"December 12, 2025",saro_line_amount,2984784076.00,298478407600,No SARO number is printed on this summary page.
j-status-2025-p025-c024,2025,J,25,1,https://github.com/tordecilla/unprogrammed-appropriations/releases/download/pdfs-revenue-pages-v1/annex-j-p025.pdf,saro_releases,saro_line,To cover the funding requirements for the implementation of priority projects of recipient LGUs under the Support to the Barangay Development Program of the NTF-ELCAC,,,"December 22, 2025",saro_line_amount,1950000000.00,195000000000,Agency is not separately identified in the printed row; NTF-ELCAC appears in the program label. No SARO number is printed.
j-status-2025-p025-c025,2025,J,25,1,https://github.com/tordecilla/unprogrammed-appropriations/releases/download/pdfs-revenue-pages-v1/annex-j-p025.pdf,saro_releases,purpose_subtotal,Purpose No. 4 - Risk Management Program,,,,purpose_subtotal,1000000000.00,100000000000,
j-status-2025-p025-c026,2025,J,25,1,https://github.com/tordecilla/unprogrammed-appropriations/releases/download/pdfs-revenue-pages-v1/annex-j-p025.pdf,saro_releases,saro_line,"To cover the funding requirements for the payments related to the LRT 1 extension, operations, and maintenance project.",DOTr-OSEC,,,saro_line_amount,1000000000.00,100000000000,No date or SARO number is printed for this row.
j-status-2025-p025-c027,2025,J,25,1,https://github.com/tordecilla/unprogrammed-appropriations/releases/download/pdfs-revenue-pages-v1/annex-j-p025.pdf,saro_releases,purpose_subtotal,Purpose No. 6 - Revised AFP Modernization Program,,,,purpose_subtotal,15696253818.00,1569625381800,
j-status-2025-p025-c028,2025,J,25,1,https://github.com/tordecilla/unprogrammed-appropriations/releases/download/pdfs-revenue-pages-v1/annex-j-p025.pdf,saro_releases,saro_line,For the implementation of various modernization projects under the RAFMP,,,,saro_line_amount,15696253818.00,1569625381800,"No agency, date, or SARO number is printed for this row."
j-status-2025-p025-c029,2025,J,25,1,https://github.com/tordecilla/unprogrammed-appropriations/releases/download/pdfs-revenue-pages-v1/annex-j-p025.pdf,saro_releases,purpose_subtotal,Purpose No. 8 - Marawi Siege Victims' Compensation Program,,,,purpose_subtotal,2000000000.00,200000000000,
j-status-2025-p025-c030,2025,J,25,1,https://github.com/tordecilla/unprogrammed-appropriations/releases/download/pdfs-revenue-pages-v1/annex-j-p025.pdf,saro_releases,saro_line,For the payment of Marawi Siege Victims' Compensation,,,,saro_line_amount,2000000000.00,200000000000,"No agency, date, or SARO number is printed for this row."
j-status-2025-p025-c031,2025,J,25,1,https://github.com/tordecilla/unprogrammed-appropriations/releases/download/pdfs-revenue-pages-v1/annex-j-p025.pdf,saro_releases,purpose_subtotal,Purpose No. 10 - For Government Counterpart of Foreign-Assisted Projects,,,,purpose_subtotal,10453557880.00,1045355788000,
j-status-2025-p025-c032,2025,J,25,1,https://github.com/tordecilla/unprogrammed-appropriations/releases/download/pdfs-revenue-pages-v1/annex-j-p025.pdf,saro_releases,saro_line,MRT 3 Rehabilitation Project,DOTr-OSEC,,"August 8, 2025",saro_line_amount,203325851.00,20332585100,No SARO number is printed on this summary page.
j-status-2025-p025-c033,2025,J,25,1,https://github.com/tordecilla/unprogrammed-appropriations/releases/download/pdfs-revenue-pages-v1/annex-j-p025.pdf,saro_releases,saro_line,Metro Manila Subway Project Phase I and North-South Commuter Railway System,DOTr-OSEC,,"August 14, 2025",saro_line_amount,9406611615.00,940661161500,No SARO number is printed on this summary page.
j-status-2025-p025-c034,2025,J,25,1,https://github.com/tordecilla/unprogrammed-appropriations/releases/download/pdfs-revenue-pages-v1/annex-j-p025.pdf,saro_releases,saro_line,Philippine Multi-Sectoral Nutrition Project,DOH-OSEC,,"September 11, 2025",saro_line_amount,369260880.00,36926088000,No SARO number is printed on this summary page.
j-status-2025-p025-c035,2025,J,25,1,https://github.com/tordecilla/unprogrammed-appropriations/releases/download/pdfs-revenue-pages-v1/annex-j-p025.pdf,saro_releases,saro_line,Capacity Building to Foster Competition Project,OEO-PCC,,"September 23, 2025",saro_line_amount,21191000.00,2119100000,No SARO number is printed on this summary page.
j-status-2025-p025-c036,2025,J,25,1,https://github.com/tordecilla/unprogrammed-appropriations/releases/download/pdfs-revenue-pages-v1/annex-j-p025.pdf,saro_releases,saro_line,Local Governance Reform Project,DOF-BLGF,,"October 8, 2025",saro_line_amount,83392433.00,8339243300,No SARO number is printed on this summary page.
j-status-2025-p025-c037,2025,J,25,1,https://github.com/tordecilla/unprogrammed-appropriations/releases/download/pdfs-revenue-pages-v1/annex-j-p025.pdf,saro_releases,saro_line,Project Development and Monitoring Facility,NEDA-PPPCP,,"October 2, 2025",saro_line_amount,109710000.00,10971000000,Date appears as October 2 after October 8 in the printed order; transcribed as shown. No SARO number is printed.
j-status-2025-p025-c038,2025,J,25,1,https://github.com/tordecilla/unprogrammed-appropriations/releases/download/pdfs-revenue-pages-v1/annex-j-p025.pdf,saro_releases,saro_line,Infrastructure for Safe and Resilient Schools (ISRS) Project,DepEd-OSEC,,"October 16, 2025",saro_line_amount,52793223.00,5279322300,No SARO number is printed on this summary page.
j-status-2025-p025-c039,2025,J,25,1,https://github.com/tordecilla/unprogrammed-appropriations/releases/download/pdfs-revenue-pages-v1/annex-j-p025.pdf,saro_releases,saro_line,LRT Line 2 East Extension Project,DOTr-OSEC,,"December 5, 2025",saro_line_amount,207272878.00,20727287800,No SARO number is printed on this summary page.
j-status-2025-p025-c040,2025,J,25,1,https://github.com/tordecilla/unprogrammed-appropriations/releases/download/pdfs-revenue-pages-v1/annex-j-p025.pdf,saro_releases,purpose_subtotal,Purpose No. 18 - For Payment of Personnel Services Requirements,,,,purpose_subtotal,20447420499.00,2044742049900,
j-status-2025-p025-c041,2025,J,25,1,https://github.com/tordecilla/unprogrammed-appropriations/releases/download/pdfs-revenue-pages-v1/annex-j-p025.pdf,saro_releases,saro_line,Terminal Leave Benefits / Retirement Gratuity / Monetization of Leave Credits / Pension,,,,saro_line_amount,3587373919.00,358737391900,"No agency, date, or SARO number is printed for this row."
j-status-2025-p025-c042,2025,J,25,1,https://github.com/tordecilla/unprogrammed-appropriations/releases/download/pdfs-revenue-pages-v1/annex-j-p025.pdf,saro_releases,saro_line,PS Deficiencies,,,,saro_line_amount,8964283986.00,896428398600,"No agency, date, or SARO number is printed for this row."
j-status-2025-p025-c043,2025,J,25,1,https://github.com/tordecilla/unprogrammed-appropriations/releases/download/pdfs-revenue-pages-v1/annex-j-p025.pdf,saro_releases,saro_line,Performance-Based Bonus,,,,saro_line_amount,7895762594.00,789576259400,"No agency, date, or SARO number is printed for this row."
j-status-2025-p025-c044,2025,J,25,1,https://github.com/tordecilla/unprogrammed-appropriations/releases/download/pdfs-revenue-pages-v1/annex-j-p025.pdf,summary,balance,Balance,,,,balance,711084574.18,71108457418,
